[0m22:00:04.832900 [debug] [MainThread]: Sending event: {'category': 'dbt', 'action': 'invocation', 'label': 'start', 'context': [<snowplow_tracker.self_describing_json.SelfDescribingJson object at 0xffffa126c610>, <snowplow_tracker.self_describing_json.SelfDescribingJson object at 0xffffa126c350>, <snowplow_tracker.self_describing_json.SelfDescribingJson object at 0xffffa126c3d0>]}


============================== 22:00:04.835386 | 90d0e025-71e5-491c-b2e1-71b3e9088175 ==============================
[0m22:00:04.835386 [info ] [MainThread]: Running with dbt=1.7.19
[0m22:00:04.835670 [debug] [MainThread]: running dbt with arguments {'printer_width': '80', 'indirect_selection': 'eager', 'write_json': 'True', 'log_cache_events': 'False', 'partial_parse': 'True', 'cache_selected_only': 'False', 'profiles_dir': '/app/dbt_project', 'debug': 'False', 'version_check': 'True', 'log_path': '/app/dbt_project/logs', 'warn_error': 'None', 'fail_fast': 'False', 'use_colors': 'True', 'use_experimental_parser': 'False', 'no_print': 'None', 'quiet': 'False', 'warn_error_options': 'WarnErrorOptions(include=[], exclude=[])', 'invocation_command': 'dbt debug', 'log_format': 'default', 'static_parser': 'True', 'target_path': 'None', 'introspect': 'True', 'send_anonymous_usage_stats': 'True'}
[0m22:00:04.835931 [info ] [MainThread]: dbt version: 1.7.19
[0m22:00:04.836118 [info ] [MainThread]: python version: 3.11.14
[0m22:00:04.836328 [info ] [MainThread]: python path: /usr/local/bin/python3.11
[0m22:00:04.836498 [info ] [MainThread]: os info: Linux-6.12.65-linuxkit-aarch64-with-glibc2.41
[0m22:00:04.870742 [info ] [MainThread]: Using profiles dir at /app/dbt_project
[0m22:00:04.871008 [info ] [MainThread]: Using profiles.yml file at /app/dbt_project/profiles.yml
[0m22:00:04.871281 [info ] [MainThread]: Using dbt_project.yml file at /app/dbt_project/dbt_project.yml
[0m22:00:04.871515 [info ] [MainThread]: adapter type: duckdb
[0m22:00:04.871697 [info ] [MainThread]: adapter version: 1.7.3
[0m22:00:04.892570 [info ] [MainThread]: Configuration:
[0m22:00:04.892773 [info ] [MainThread]:   profiles.yml file [[32mOK found and valid[0m]
[0m22:00:04.892977 [info ] [MainThread]:   dbt_project.yml file [[32mOK found and valid[0m]
[0m22:00:04.893178 [info ] [MainThread]: Required dependencies:
[0m22:00:04.893373 [debug] [MainThread]: Executing "git --help"
[0m22:00:04.894449 [debug] [MainThread]: STDOUT: "b"usage: git [-v | --version] [-h | --help] [-C <path>] [-c <name>=<value>]\n           [--exec-path[=<path>]] [--html-path] [--man-path] [--info-path]\n           [-p | --paginate | -P | --no-pager] [--no-replace-objects] [--no-lazy-fetch]\n           [--no-optional-locks] [--no-advice] [--bare] [--git-dir=<path>]\n           [--work-tree=<path>] [--namespace=<name>] [--config-env=<name>=<envvar>]\n           <command> [<args>]\n\nThese are common Git commands used in various situations:\n\nstart a working area (see also: git help tutorial)\n   clone     Clone a repository into a new directory\n   init      Create an empty Git repository or reinitialize an existing one\n\nwork on the current change (see also: git help everyday)\n   add       Add file contents to the index\n   mv        Move or rename a file, a directory, or a symlink\n   restore   Restore working tree files\n   rm        Remove files from the working tree and from the index\n\nexamine the history and state (see also: git help revisions)\n   bisect    Use binary search to find the commit that introduced a bug\n   diff      Show changes between commits, commit and working tree, etc\n   grep      Print lines matching a pattern\n   log       Show commit logs\n   show      Show various types of objects\n   status    Show the working tree status\n\ngrow, mark and tweak your common history\n   branch    List, create, or delete branches\n   commit    Record changes to the repository\n   merge     Join two or more development histories together\n   rebase    Reapply commits on top of another base tip\n   reset     Reset current HEAD to the specified state\n   switch    Switch branches\n   tag       Create, list, delete or verify a tag object signed with GPG\n\ncollaborate (see also: git help workflows)\n   fetch     Download objects and refs from another repository\n   pull      Fetch from and integrate with another repository or a local branch\n   push      Update remote refs along with associated objects\n\n'git help -a' and 'git help -g' list available subcommands and some\nconcept guides. See 'git help <command>' or 'git help <concept>'\nto read about a specific subcommand or concept.\nSee 'git help git' for an overview of the system.\n""
[0m22:00:04.894629 [debug] [MainThread]: STDERR: "b''"
[0m22:00:04.894750 [info ] [MainThread]:  - git [[32mOK found[0m]

[0m22:00:04.894886 [info ] [MainThread]: Connection:
[0m22:00:04.895059 [info ] [MainThread]:   database: analytics
[0m22:00:04.895245 [info ] [MainThread]:   schema: main
[0m22:00:04.895409 [info ] [MainThread]:   path: /app/duckdb/analytics.duckdb
[0m22:00:04.895564 [info ] [MainThread]:   config_options: None
[0m22:00:04.895752 [info ] [MainThread]:   extensions: ['parquet']
[0m22:00:04.895934 [info ] [MainThread]:   settings: None
[0m22:00:04.896110 [info ] [MainThread]:   external_root: .
[0m22:00:04.896256 [info ] [MainThread]:   use_credential_provider: None
[0m22:00:04.896441 [info ] [MainThread]:   attach: None
[0m22:00:04.896587 [info ] [MainThread]:   filesystems: None
[0m22:00:04.896749 [info ] [MainThread]:   remote: None
[0m22:00:04.896953 [info ] [MainThread]:   plugins: None
[0m22:00:04.897129 [info ] [MainThread]:   disable_transactions: False
[0m22:00:04.897335 [info ] [MainThread]: Registered adapter: duckdb=1.7.3
[0m22:00:04.897593 [debug] [MainThread]: Acquiring new duckdb connection 'debug'
[0m22:00:04.897719 [debug] [MainThread]: Using duckdb connection "debug"
[0m22:00:04.897856 [debug] [MainThread]: On debug: select 1 as id
[0m22:00:04.897980 [debug] [MainThread]: Opening a new connection, currently in state init
[0m22:00:05.597283 [debug] [MainThread]: SQL status: OK in 1.0 seconds
[0m22:00:05.598091 [debug] [MainThread]: On debug: Close
[0m22:00:05.598890 [info ] [MainThread]:   Connection test: [[32mOK connection ok[0m]

[0m22:00:05.599132 [info ] [MainThread]: [32mAll checks passed![0m
[0m22:00:05.599616 [debug] [MainThread]: Resource report: {"command_name": "debug", "command_success": true, "command_wall_clock_time": 0.7797425, "process_user_time": 0.734105, "process_kernel_time": 0.167912, "process_mem_max_rss": "214744", "process_out_blocks": "82220", "process_in_blocks": "0"}
[0m22:00:05.599864 [debug] [MainThread]: Command `dbt debug` succeeded at 22:00:05.599808 after 0.78 seconds
[0m22:00:05.600035 [debug] [MainThread]: Connection 'debug' was properly closed.
[0m22:00:05.600183 [debug] [MainThread]: Sending event: {'category': 'dbt', 'action': 'invocation', 'label': 'end', 'context': [<snowplow_tracker.self_describing_json.SelfDescribingJson object at 0xffffa1286690>, <snowplow_tracker.self_describing_json.SelfDescribingJson object at 0xffffa119b4d0>, <snowplow_tracker.self_describing_json.SelfDescribingJson object at 0xffffa265fd90>]}
[0m22:00:05.600370 [debug] [MainThread]: Flushing usage events
[0m00:22:22.991791 [debug] [MainThread]: Sending event: {'category': 'dbt', 'action': 'invocation', 'label': 'start', 'context': [<snowplow_tracker.self_describing_json.SelfDescribingJson object at 0xffffad6c3f50>, <snowplow_tracker.self_describing_json.SelfDescribingJson object at 0xffffad9a7c10>, <snowplow_tracker.self_describing_json.SelfDescribingJson object at 0xffffae8c6810>]}


============================== 00:22:22.994766 | 989f508d-0ff1-47d2-a9d0-dacbc2d62251 ==============================
[0m00:22:22.994766 [info ] [MainThread]: Running with dbt=1.7.19
[0m00:22:22.995017 [debug] [MainThread]: running dbt with arguments {'printer_width': '80', 'indirect_selection': 'eager', 'write_json': 'True', 'log_cache_events': 'False', 'partial_parse': 'True', 'cache_selected_only': 'False', 'warn_error': 'None', 'debug': 'False', 'profiles_dir': '/app/dbt_project', 'log_path': '/app/dbt_project/logs', 'version_check': 'True', 'fail_fast': 'False', 'use_colors': 'True', 'use_experimental_parser': 'False', 'no_print': 'None', 'quiet': 'False', 'warn_error_options': 'WarnErrorOptions(include=[], exclude=[])', 'introspect': 'True', 'static_parser': 'True', 'invocation_command': 'dbt debug', 'target_path': 'None', 'log_format': 'default', 'send_anonymous_usage_stats': 'True'}
[0m00:22:22.995246 [info ] [MainThread]: dbt version: 1.7.19
[0m00:22:22.995404 [info ] [MainThread]: python version: 3.11.14
[0m00:22:22.995654 [info ] [MainThread]: python path: /usr/local/bin/python3.11
[0m00:22:22.995841 [info ] [MainThread]: os info: Linux-6.12.65-linuxkit-aarch64-with-glibc2.41
[0m00:22:23.026006 [info ] [MainThread]: Using profiles dir at /app/dbt_project
[0m00:22:23.026221 [info ] [MainThread]: Using profiles.yml file at /app/dbt_project/profiles.yml
[0m00:22:23.026429 [info ] [MainThread]: Using dbt_project.yml file at /app/dbt_project/dbt_project.yml
[0m00:22:23.026740 [info ] [MainThread]: adapter type: duckdb
[0m00:22:23.026902 [info ] [MainThread]: adapter version: 1.7.3
[0m00:22:23.047056 [info ] [MainThread]: Configuration:
[0m00:22:23.047231 [info ] [MainThread]:   profiles.yml file [[32mOK found and valid[0m]
[0m00:22:23.047420 [info ] [MainThread]:   dbt_project.yml file [[32mOK found and valid[0m]
[0m00:22:23.047596 [info ] [MainThread]: Required dependencies:
[0m00:22:23.047831 [debug] [MainThread]: Executing "git --help"
[0m00:22:23.053736 [debug] [MainThread]: STDOUT: "b"usage: git [-v | --version] [-h | --help] [-C <path>] [-c <name>=<value>]\n           [--exec-path[=<path>]] [--html-path] [--man-path] [--info-path]\n           [-p | --paginate | -P | --no-pager] [--no-replace-objects] [--no-lazy-fetch]\n           [--no-optional-locks] [--no-advice] [--bare] [--git-dir=<path>]\n           [--work-tree=<path>] [--namespace=<name>] [--config-env=<name>=<envvar>]\n           <command> [<args>]\n\nThese are common Git commands used in various situations:\n\nstart a working area (see also: git help tutorial)\n   clone     Clone a repository into a new directory\n   init      Create an empty Git repository or reinitialize an existing one\n\nwork on the current change (see also: git help everyday)\n   add       Add file contents to the index\n   mv        Move or rename a file, a directory, or a symlink\n   restore   Restore working tree files\n   rm        Remove files from the working tree and from the index\n\nexamine the history and state (see also: git help revisions)\n   bisect    Use binary search to find the commit that introduced a bug\n   diff      Show changes between commits, commit and working tree, etc\n   grep      Print lines matching a pattern\n   log       Show commit logs\n   show      Show various types of objects\n   status    Show the working tree status\n\ngrow, mark and tweak your common history\n   branch    List, create, or delete branches\n   commit    Record changes to the repository\n   merge     Join two or more development histories together\n   rebase    Reapply commits on top of another base tip\n   reset     Reset current HEAD to the specified state\n   switch    Switch branches\n   tag       Create, list, delete or verify a tag object signed with GPG\n\ncollaborate (see also: git help workflows)\n   fetch     Download objects and refs from another repository\n   pull      Fetch from and integrate with another repository or a local branch\n   push      Update remote refs along with associated objects\n\n'git help -a' and 'git help -g' list available subcommands and some\nconcept guides. See 'git help <command>' or 'git help <concept>'\nto read about a specific subcommand or concept.\nSee 'git help git' for an overview of the system.\n""
[0m00:22:23.053897 [debug] [MainThread]: STDERR: "b''"
[0m00:22:23.053999 [info ] [MainThread]:  - git [[32mOK found[0m]

[0m00:22:23.054136 [info ] [MainThread]: Connection:
[0m00:22:23.054304 [info ] [MainThread]:   database: analytics
[0m00:22:23.054472 [info ] [MainThread]:   schema: main
[0m00:22:23.054681 [info ] [MainThread]:   path: /app/duckdb/analytics.duckdb
[0m00:22:23.054861 [info ] [MainThread]:   config_options: None
[0m00:22:23.055025 [info ] [MainThread]:   extensions: ['parquet']
[0m00:22:23.055184 [info ] [MainThread]:   settings: None
[0m00:22:23.055335 [info ] [MainThread]:   external_root: .
[0m00:22:23.055497 [info ] [MainThread]:   use_credential_provider: None
[0m00:22:23.055673 [info ] [MainThread]:   attach: None
[0m00:22:23.055854 [info ] [MainThread]:   filesystems: None
[0m00:22:23.055987 [info ] [MainThread]:   remote: None
[0m00:22:23.056115 [info ] [MainThread]:   plugins: None
[0m00:22:23.056259 [info ] [MainThread]:   disable_transactions: False
[0m00:22:23.056458 [info ] [MainThread]: Registered adapter: duckdb=1.7.3
[0m00:22:23.056710 [debug] [MainThread]: Acquiring new duckdb connection 'debug'
[0m00:22:23.056831 [debug] [MainThread]: Using duckdb connection "debug"
[0m00:22:23.056930 [debug] [MainThread]: On debug: select 1 as id
[0m00:22:23.057015 [debug] [MainThread]: Opening a new connection, currently in state init
[0m00:22:23.786108 [debug] [MainThread]: SQL status: OK in 1.0 seconds
[0m00:22:23.786951 [debug] [MainThread]: On debug: Close
[0m00:22:23.787747 [info ] [MainThread]:   Connection test: [[32mOK connection ok[0m]

[0m00:22:23.787956 [info ] [MainThread]: [32mAll checks passed![0m
[0m00:22:23.789031 [debug] [MainThread]: Resource report: {"command_name": "debug", "command_success": true, "command_wall_clock_time": 0.80933315, "process_user_time": 0.712498, "process_kernel_time": 0.1466, "process_mem_max_rss": "229956", "process_in_blocks": "86320", "process_out_blocks": "82196"}
[0m00:22:23.789252 [debug] [MainThread]: Command `dbt debug` succeeded at 00:22:23.789207 after 0.81 seconds
[0m00:22:23.789410 [debug] [MainThread]: Connection 'debug' was properly closed.
[0m00:22:23.789591 [debug] [MainThread]: Sending event: {'category': 'dbt', 'action': 'invocation', 'label': 'end', 'context': [<snowplow_tracker.self_describing_json.SelfDescribingJson object at 0xffffad6cb6d0>, <snowplow_tracker.self_describing_json.SelfDescribingJson object at 0xffffad6cb5d0>, <snowplow_tracker.self_describing_json.SelfDescribingJson object at 0xffffaaa2cf10>]}
[0m00:22:23.789804 [debug] [MainThread]: Flushing usage events
[0m06:31:04.655617 [debug] [MainThread]: Sending event: {'category': 'dbt', 'action': 'invocation', 'label': 'start', 'context': [<snowplow_tracker.self_describing_json.SelfDescribingJson object at 0xffffa27d6790>, <snowplow_tracker.self_describing_json.SelfDescribingJson object at 0xffffa27c3e90>, <snowplow_tracker.self_describing_json.SelfDescribingJson object at 0xffffa27c3b90>]}


============================== 06:31:04.657457 | 09025c83-e81c-4bb1-a352-ff5f56c5f4c1 ==============================
[0m06:31:04.657457 [info ] [MainThread]: Running with dbt=1.7.19
[0m06:31:04.657731 [debug] [MainThread]: running dbt with arguments {'printer_width': '80', 'indirect_selection': 'eager', 'write_json': 'True', 'log_cache_events': 'False', 'partial_parse': 'True', 'cache_selected_only': 'False', 'warn_error': 'None', 'debug': 'False', 'version_check': 'True', 'log_path': '/app/dbt_project/logs', 'fail_fast': 'False', 'profiles_dir': '/app/dbt_project', 'use_colors': 'True', 'use_experimental_parser': 'False', 'no_print': 'None', 'quiet': 'False', 'warn_error_options': 'WarnErrorOptions(include=[], exclude=[])', 'invocation_command': 'dbt debug', 'introspect': 'True', 'static_parser': 'True', 'target_path': 'None', 'log_format': 'default', 'send_anonymous_usage_stats': 'True'}
[0m06:31:04.657970 [info ] [MainThread]: dbt version: 1.7.19
[0m06:31:04.658161 [info ] [MainThread]: python version: 3.11.14
[0m06:31:04.658387 [info ] [MainThread]: python path: /usr/local/bin/python3.11
[0m06:31:04.658559 [info ] [MainThread]: os info: Linux-6.12.65-linuxkit-aarch64-with-glibc2.41
[0m06:31:04.688990 [info ] [MainThread]: Using profiles dir at /app/dbt_project
[0m06:31:04.689231 [info ] [MainThread]: Using profiles.yml file at /app/dbt_project/profiles.yml
[0m06:31:04.689544 [info ] [MainThread]: Using dbt_project.yml file at /app/dbt_project/dbt_project.yml
[0m06:31:04.689790 [info ] [MainThread]: adapter type: duckdb
[0m06:31:04.689934 [info ] [MainThread]: adapter version: 1.7.3
[0m06:31:04.710054 [info ] [MainThread]: Configuration:
[0m06:31:04.710279 [info ] [MainThread]:   profiles.yml file [[32mOK found and valid[0m]
[0m06:31:04.710462 [info ] [MainThread]:   dbt_project.yml file [[32mOK found and valid[0m]
[0m06:31:04.710651 [info ] [MainThread]: Required dependencies:
[0m06:31:04.710835 [debug] [MainThread]: Executing "git --help"
[0m06:31:04.711665 [debug] [MainThread]: STDOUT: "b"usage: git [-v | --version] [-h | --help] [-C <path>] [-c <name>=<value>]\n           [--exec-path[=<path>]] [--html-path] [--man-path] [--info-path]\n           [-p | --paginate | -P | --no-pager] [--no-replace-objects] [--no-lazy-fetch]\n           [--no-optional-locks] [--no-advice] [--bare] [--git-dir=<path>]\n           [--work-tree=<path>] [--namespace=<name>] [--config-env=<name>=<envvar>]\n           <command> [<args>]\n\nThese are common Git commands used in various situations:\n\nstart a working area (see also: git help tutorial)\n   clone     Clone a repository into a new directory\n   init      Create an empty Git repository or reinitialize an existing one\n\nwork on the current change (see also: git help everyday)\n   add       Add file contents to the index\n   mv        Move or rename a file, a directory, or a symlink\n   restore   Restore working tree files\n   rm        Remove files from the working tree and from the index\n\nexamine the history and state (see also: git help revisions)\n   bisect    Use binary search to find the commit that introduced a bug\n   diff      Show changes between commits, commit and working tree, etc\n   grep      Print lines matching a pattern\n   log       Show commit logs\n   show      Show various types of objects\n   status    Show the working tree status\n\ngrow, mark and tweak your common history\n   branch    List, create, or delete branches\n   commit    Record changes to the repository\n   merge     Join two or more development histories together\n   rebase    Reapply commits on top of another base tip\n   reset     Reset current HEAD to the specified state\n   switch    Switch branches\n   tag       Create, list, delete or verify a tag object signed with GPG\n\ncollaborate (see also: git help workflows)\n   fetch     Download objects and refs from another repository\n   pull      Fetch from and integrate with another repository or a local branch\n   push      Update remote refs along with associated objects\n\n'git help -a' and 'git help -g' list available subcommands and some\nconcept guides. See 'git help <command>' or 'git help <concept>'\nto read about a specific subcommand or concept.\nSee 'git help git' for an overview of the system.\n""
[0m06:31:04.711832 [debug] [MainThread]: STDERR: "b''"
[0m06:31:04.711944 [info ] [MainThread]:  - git [[32mOK found[0m]

[0m06:31:04.712098 [info ] [MainThread]: Connection:
[0m06:31:04.712280 [info ] [MainThread]:   database: analytics
[0m06:31:04.712456 [info ] [MainThread]:   schema: main
[0m06:31:04.712627 [info ] [MainThread]:   path: /app/duckdb/analytics.duckdb
[0m06:31:04.712783 [info ] [MainThread]:   config_options: None
[0m06:31:04.712974 [info ] [MainThread]:   extensions: ['parquet']
[0m06:31:04.713135 [info ] [MainThread]:   settings: {'TimeZone': 'UTC'}
[0m06:31:04.713305 [info ] [MainThread]:   external_root: .
[0m06:31:04.713476 [info ] [MainThread]:   use_credential_provider: None
[0m06:31:04.713665 [info ] [MainThread]:   attach: None
[0m06:31:04.713826 [info ] [MainThread]:   filesystems: None
[0m06:31:04.714008 [info ] [MainThread]:   remote: None
[0m06:31:04.714172 [info ] [MainThread]:   plugins: None
[0m06:31:04.714361 [info ] [MainThread]:   disable_transactions: False
[0m06:31:04.714548 [info ] [MainThread]: Registered adapter: duckdb=1.7.3
[0m06:31:04.714803 [debug] [MainThread]: Acquiring new duckdb connection 'debug'
[0m06:31:04.714947 [debug] [MainThread]: Using duckdb connection "debug"
[0m06:31:04.715044 [debug] [MainThread]: On debug: select 1 as id
[0m06:31:04.715136 [debug] [MainThread]: Opening a new connection, currently in state init
[0m06:31:04.721631 [debug] [MainThread]: SQL status: OK in 0.0 seconds
[0m06:31:04.721967 [debug] [MainThread]: On debug: Close
[0m06:31:04.722743 [info ] [MainThread]:   Connection test: [[32mOK connection ok[0m]

[0m06:31:04.722921 [info ] [MainThread]: [32mAll checks passed![0m
[0m06:31:04.723268 [debug] [MainThread]: Resource report: {"command_name": "debug", "command_success": true, "command_wall_clock_time": 0.081792876, "process_user_time": 0.591031, "process_kernel_time": 0.046158, "process_mem_max_rss": "133172", "process_in_blocks": "200", "process_out_blocks": "12"}
[0m06:31:04.723445 [debug] [MainThread]: Command `dbt debug` succeeded at 06:31:04.723405 after 0.08 seconds
[0m06:31:04.723572 [debug] [MainThread]: Connection 'debug' was properly closed.
[0m06:31:04.723690 [debug] [MainThread]: Sending event: {'category': 'dbt', 'action': 'invocation', 'label': 'end', 'context': [<snowplow_tracker.self_describing_json.SelfDescribingJson object at 0xffffa3e36ad0>, <snowplow_tracker.self_describing_json.SelfDescribingJson object at 0xffffa3bebcd0>, <snowplow_tracker.self_describing_json.SelfDescribingJson object at 0xffffa4ac4650>]}
[0m06:31:04.723813 [debug] [MainThread]: Flushing usage events
[0m03:09:42.812283 [debug] [MainThread]: Sending event: {'category': 'dbt', 'action': 'invocation', 'label': 'start', 'context': [<snowplow_tracker.self_describing_json.SelfDescribingJson object at 0xffffa56a5190>, <snowplow_tracker.self_describing_json.SelfDescribingJson object at 0xffffa5685150>, <snowplow_tracker.self_describing_json.SelfDescribingJson object at 0xffffa56a60d0>]}


============================== 03:09:42.814855 | e96be780-72b3-440a-a7f9-dabc886078d7 ==============================
[0m03:09:42.814855 [info ] [MainThread]: Running with dbt=1.7.19
[0m03:09:42.815117 [debug] [MainThread]: running dbt with arguments {'printer_width': '80', 'indirect_selection': 'eager', 'write_json': 'True', 'log_cache_events': 'False', 'partial_parse': 'True', 'cache_selected_only': 'False', 'warn_error': 'None', 'version_check': 'True', 'debug': 'False', 'log_path': '/app/dbt_project/logs', 'profiles_dir': '/app/dbt_project', 'fail_fast': 'False', 'use_colors': 'True', 'use_experimental_parser': 'False', 'no_print': 'None', 'quiet': 'False', 'log_format': 'default', 'static_parser': 'True', 'warn_error_options': 'WarnErrorOptions(include=[], exclude=[])', 'introspect': 'True', 'target_path': 'None', 'invocation_command': 'dbt run -s stg_orders', 'send_anonymous_usage_stats': 'True'}
[0m03:09:42.864549 [debug] [MainThread]: Sending event: {'category': 'dbt', 'action': 'project_id', 'label': 'e96be780-72b3-440a-a7f9-dabc886078d7', 'context': [<snowplow_tracker.self_describing_json.SelfDescribingJson object at 0xffffa56c18d0>]}
[0m03:09:42.879674 [debug] [MainThread]: Sending event: {'category': 'dbt', 'action': 'adapter_info', 'label': 'e96be780-72b3-440a-a7f9-dabc886078d7', 'context': [<snowplow_tracker.self_describing_json.SelfDescribingJson object at 0xffffa559acd0>]}
[0m03:09:42.879932 [info ] [MainThread]: Registered adapter: duckdb=1.7.3
[0m03:09:42.882210 [debug] [MainThread]: checksum: a8d43cdff37d0f32d7fbe4c5c25bea4bb6c86e162f8ce8fdb1a38cdcf7495431, vars: {}, profile: , target: , version: 1.7.19
[0m03:09:42.882569 [info ] [MainThread]: Unable to do partial parsing because saved manifest not found. Starting full parse.
[0m03:09:42.882776 [debug] [MainThread]: Sending event: {'category': 'dbt', 'action': 'partial_parser', 'label': 'e96be780-72b3-440a-a7f9-dabc886078d7', 'context': [<snowplow_tracker.self_describing_json.SelfDescribingJson object at 0xffffa284ecd0>]}
[0m03:09:43.104843 [error] [MainThread]: Encountered an error:
Compilation Error
  Model 'model.ecomm_analytics.stg_orders' (models/staging/stg_orders.sql) depends on a source named 'raw.orders' which was not found
[0m03:09:43.105292 [debug] [MainThread]: Resource report: {"command_name": "run", "command_wall_clock_time": 0.30477542, "process_user_time": 0.843131, "process_kernel_time": 0.033965, "process_mem_max_rss": "135720", "process_out_blocks": "1877", "command_success": false, "process_in_blocks": "0"}
[0m03:09:43.105492 [debug] [MainThread]: Command `dbt run` failed at 03:09:43.105447 after 0.30 seconds
[0m03:09:43.105670 [debug] [MainThread]: Sending event: {'category': 'dbt', 'action': 'invocation', 'label': 'end', 'context': [<snowplow_tracker.self_describing_json.SelfDescribingJson object at 0xffffa54db990>, <snowplow_tracker.self_describing_json.SelfDescribingJson object at 0xffffa54db790>, <snowplow_tracker.self_describing_json.SelfDescribingJson object at 0xffff9dc36090>]}
[0m03:09:43.105822 [debug] [MainThread]: Flushing usage events
[0m03:51:43.406221 [debug] [MainThread]: Sending event: {'category': 'dbt', 'action': 'invocation', 'label': 'start', 'context': [<snowplow_tracker.self_describing_json.SelfDescribingJson object at 0xffffb5d95850>, <snowplow_tracker.self_describing_json.SelfDescribingJson object at 0xffffb69cf350>, <snowplow_tracker.self_describing_json.SelfDescribingJson object at 0xffffb5f9aa10>]}


============================== 03:51:43.407645 | 1a0d48ab-d157-42bd-a8be-7960761cff05 ==============================
[0m03:51:43.407645 [info ] [MainThread]: Running with dbt=1.7.19
[0m03:51:43.407895 [debug] [MainThread]: running dbt with arguments {'printer_width': '80', 'indirect_selection': 'eager', 'log_cache_events': 'False', 'write_json': 'True', 'partial_parse': 'True', 'cache_selected_only': 'False', 'warn_error': 'None', 'version_check': 'True', 'debug': 'False', 'log_path': '/app/dbt_project/logs', 'fail_fast': 'False', 'profiles_dir': '/app/dbt_project', 'use_colors': 'True', 'use_experimental_parser': 'False', 'no_print': 'None', 'quiet': 'False', 'log_format': 'default', 'introspect': 'True', 'invocation_command': 'dbt run -s stg_orders', 'warn_error_options': 'WarnErrorOptions(include=[], exclude=[])', 'target_path': 'None', 'static_parser': 'True', 'send_anonymous_usage_stats': 'True'}
[0m03:51:43.456640 [debug] [MainThread]: Sending event: {'category': 'dbt', 'action': 'project_id', 'label': '1a0d48ab-d157-42bd-a8be-7960761cff05', 'context': [<snowplow_tracker.self_describing_json.SelfDescribingJson object at 0xffffb5c502d0>]}
[0m03:51:43.472120 [debug] [MainThread]: Sending event: {'category': 'dbt', 'action': 'adapter_info', 'label': '1a0d48ab-d157-42bd-a8be-7960761cff05', 'context': [<snowplow_tracker.self_describing_json.SelfDescribingJson object at 0xffffb5cef250>]}
[0m03:51:43.472374 [info ] [MainThread]: Registered adapter: duckdb=1.7.3
[0m03:51:43.474627 [debug] [MainThread]: checksum: a8d43cdff37d0f32d7fbe4c5c25bea4bb6c86e162f8ce8fdb1a38cdcf7495431, vars: {}, profile: , target: , version: 1.7.19
[0m03:51:43.474994 [info ] [MainThread]: Unable to do partial parsing because saved manifest not found. Starting full parse.
[0m03:51:43.475209 [debug] [MainThread]: Sending event: {'category': 'dbt', 'action': 'partial_parser', 'label': '1a0d48ab-d157-42bd-a8be-7960761cff05', 'context': [<snowplow_tracker.self_describing_json.SelfDescribingJson object at 0xffffb5c37d10>]}
[0m03:51:43.740655 [debug] [MainThread]: Sending event: {'category': 'dbt', 'action': 'load_project', 'label': '1a0d48ab-d157-42bd-a8be-7960761cff05', 'context': [<snowplow_tracker.self_describing_json.SelfDescribingJson object at 0xffffae2ee6d0>]}
[0m03:51:43.744536 [debug] [MainThread]: Sending event: {'category': 'dbt', 'action': 'resource_counts', 'label': '1a0d48ab-d157-42bd-a8be-7960761cff05', 'context': [<snowplow_tracker.self_describing_json.SelfDescribingJson object at 0xffffae3eaf10>]}
[0m03:51:43.744715 [info ] [MainThread]: Found 2 models, 9 sources, 0 exposures, 0 metrics, 392 macros, 0 groups, 0 semantic models
[0m03:51:43.744891 [debug] [MainThread]: Sending event: {'category': 'dbt', 'action': 'runnable_timing', 'label': '1a0d48ab-d157-42bd-a8be-7960761cff05', 'context': [<snowplow_tracker.self_describing_json.SelfDescribingJson object at 0xffffae4ea210>]}
[0m03:51:43.745476 [info ] [MainThread]: 
[0m03:51:43.745789 [debug] [MainThread]: Acquiring new duckdb connection 'master'
[0m03:51:43.746201 [debug] [ThreadPool]: Acquiring new duckdb connection 'list_analytics'
[0m03:51:43.749880 [debug] [ThreadPool]: Using duckdb connection "list_analytics"
[0m03:51:43.750032 [debug] [ThreadPool]: On list_analytics: /* {"app": "dbt", "dbt_version": "1.7.19", "profile_name": "ecomm", "target_name": "dev", "connection_name": "list_analytics"} */

    
    select schema_name
    from system.information_schema.schemata
    
    where catalog_name = '"analytics"'
    
  
  
[0m03:51:43.750180 [debug] [ThreadPool]: Opening a new connection, currently in state init
[0m03:51:43.753832 [debug] [MainThread]: Connection 'master' was properly closed.
[0m03:51:43.753960 [debug] [MainThread]: Connection 'list_analytics' was properly closed.
[0m03:51:43.754095 [info ] [MainThread]: 
[0m03:51:43.754318 [info ] [MainThread]: Finished running  in 0 hours 0 minutes and 0.01 seconds (0.01s).
[0m03:51:43.754616 [error] [MainThread]: Encountered an error:
Runtime Error
  IO Error: Could not set lock on file "/app/duckdb/analytics.duckdb": Conflicting lock is held in /usr/local/bin/duckdb (PID 34). See also https://duckdb.org/docs/connect/concurrency
[0m03:51:43.754980 [debug] [MainThread]: Resource report: {"command_name": "run", "command_wall_clock_time": 0.36038283, "process_user_time": 0.85324, "process_kernel_time": 0.03701, "process_mem_max_rss": "143240", "process_in_blocks": "400", "process_out_blocks": "1541", "command_success": false}
[0m03:51:43.755148 [debug] [MainThread]: Command `dbt run` failed at 03:51:43.755112 after 0.36 seconds
[0m03:51:43.755282 [debug] [MainThread]: Sending event: {'category': 'dbt', 'action': 'invocation', 'label': 'end', 'context': [<snowplow_tracker.self_describing_json.SelfDescribingJson object at 0xffffb5c0f590>, <snowplow_tracker.self_describing_json.SelfDescribingJson object at 0xffffb5c0fad0>, <snowplow_tracker.self_describing_json.SelfDescribingJson object at 0xffffae337710>]}
[0m03:51:43.755422 [debug] [MainThread]: Flushing usage events
[0m03:52:36.989020 [debug] [MainThread]: Sending event: {'category': 'dbt', 'action': 'invocation', 'label': 'start', 'context': [<snowplow_tracker.self_describing_json.SelfDescribingJson object at 0xffffb5e884d0>, <snowplow_tracker.self_describing_json.SelfDescribingJson object at 0xffffb5e83b10>, <snowplow_tracker.self_describing_json.SelfDescribingJson object at 0xffffb7072410>]}


============================== 03:52:36.989973 | ff015258-11ca-4f91-9763-acffcbcd0641 ==============================
[0m03:52:36.989973 [info ] [MainThread]: Running with dbt=1.7.19
[0m03:52:36.990251 [debug] [MainThread]: running dbt with arguments {'printer_width': '80', 'indirect_selection': 'eager', 'write_json': 'True', 'log_cache_events': 'False', 'partial_parse': 'True', 'cache_selected_only': 'False', 'warn_error': 'None', 'fail_fast': 'False', 'version_check': 'True', 'log_path': '/app/dbt_project/logs', 'profiles_dir': '/app/dbt_project', 'debug': 'False', 'use_colors': 'True', 'use_experimental_parser': 'False', 'no_print': 'None', 'quiet': 'False', 'warn_error_options': 'WarnErrorOptions(include=[], exclude=[])', 'static_parser': 'True', 'invocation_command': 'dbt run -s stg_orders', 'log_format': 'default', 'target_path': 'None', 'introspect': 'True', 'send_anonymous_usage_stats': 'True'}
[0m03:52:37.039151 [debug] [MainThread]: Sending event: {'category': 'dbt', 'action': 'project_id', 'label': 'ff015258-11ca-4f91-9763-acffcbcd0641', 'context': [<snowplow_tracker.self_describing_json.SelfDescribingJson object at 0xffffb5d20710>]}
[0m03:52:37.054462 [debug] [MainThread]: Sending event: {'category': 'dbt', 'action': 'adapter_info', 'label': 'ff015258-11ca-4f91-9763-acffcbcd0641', 'context': [<snowplow_tracker.self_describing_json.SelfDescribingJson object at 0xffffb5da77d0>]}
[0m03:52:37.054724 [info ] [MainThread]: Registered adapter: duckdb=1.7.3
[0m03:52:37.057216 [debug] [MainThread]: checksum: a8d43cdff37d0f32d7fbe4c5c25bea4bb6c86e162f8ce8fdb1a38cdcf7495431, vars: {}, profile: , target: , version: 1.7.19
[0m03:52:37.066119 [debug] [MainThread]: Partial parsing enabled: 0 files deleted, 0 files added, 0 files changed.
[0m03:52:37.066264 [debug] [MainThread]: Partial parsing enabled, no changes found, skipping parsing
[0m03:52:37.068190 [debug] [MainThread]: Sending event: {'category': 'dbt', 'action': 'load_project', 'label': 'ff015258-11ca-4f91-9763-acffcbcd0641', 'context': [<snowplow_tracker.self_describing_json.SelfDescribingJson object at 0xffffae3774d0>]}
[0m03:52:37.071736 [debug] [MainThread]: Sending event: {'category': 'dbt', 'action': 'resource_counts', 'label': 'ff015258-11ca-4f91-9763-acffcbcd0641', 'context': [<snowplow_tracker.self_describing_json.SelfDescribingJson object at 0xffffae397290>]}
[0m03:52:37.071896 [info ] [MainThread]: Found 2 models, 9 sources, 0 exposures, 0 metrics, 392 macros, 0 groups, 0 semantic models
[0m03:52:37.072044 [debug] [MainThread]: Sending event: {'category': 'dbt', 'action': 'runnable_timing', 'label': 'ff015258-11ca-4f91-9763-acffcbcd0641', 'context': [<snowplow_tracker.self_describing_json.SelfDescribingJson object at 0xffffb5e91850>]}
[0m03:52:37.072626 [info ] [MainThread]: 
[0m03:52:37.072979 [debug] [MainThread]: Acquiring new duckdb connection 'master'
[0m03:52:37.073375 [debug] [ThreadPool]: Acquiring new duckdb connection 'list_analytics'
[0m03:52:37.077043 [debug] [ThreadPool]: Using duckdb connection "list_analytics"
[0m03:52:37.077186 [debug] [ThreadPool]: On list_analytics: /* {"app": "dbt", "dbt_version": "1.7.19", "profile_name": "ecomm", "target_name": "dev", "connection_name": "list_analytics"} */

    
    select schema_name
    from system.information_schema.schemata
    
    where catalog_name = '"analytics"'
    
  
  
[0m03:52:37.077316 [debug] [ThreadPool]: Opening a new connection, currently in state init
[0m03:52:37.759463 [debug] [ThreadPool]: SQL status: OK in 1.0 seconds
[0m03:52:37.760062 [debug] [ThreadPool]: On list_analytics: Close
[0m03:52:37.761149 [debug] [ThreadPool]: Re-using an available connection from the pool (formerly list_analytics, now create_analytics_main)
[0m03:52:37.761396 [debug] [ThreadPool]: Creating schema "database: "analytics"
schema: "main"
"
[0m03:52:37.763604 [debug] [ThreadPool]: Using duckdb connection "create_analytics_main"
[0m03:52:37.763759 [debug] [ThreadPool]: On create_analytics_main: /* {"app": "dbt", "dbt_version": "1.7.19", "profile_name": "ecomm", "target_name": "dev", "connection_name": "create_analytics_main"} */

    
        select type from duckdb_databases()
        where database_name='analytics'
        and type='sqlite'
    
  
[0m03:52:37.763889 [debug] [ThreadPool]: Opening a new connection, currently in state closed
[0m03:52:37.766499 [debug] [ThreadPool]: SQL status: OK in 0.0 seconds
[0m03:52:37.766938 [debug] [ThreadPool]: Using duckdb connection "create_analytics_main"
[0m03:52:37.767074 [debug] [ThreadPool]: On create_analytics_main: BEGIN
[0m03:52:37.767234 [debug] [ThreadPool]: SQL status: OK in 0.0 seconds
[0m03:52:37.767353 [debug] [ThreadPool]: Using duckdb connection "create_analytics_main"
[0m03:52:37.767463 [debug] [ThreadPool]: On create_analytics_main: /* {"app": "dbt", "dbt_version": "1.7.19", "profile_name": "ecomm", "target_name": "dev", "connection_name": "create_analytics_main"} */

    
    
        create schema if not exists "analytics"."main"
    
[0m03:52:37.767610 [debug] [ThreadPool]: SQL status: OK in 0.0 seconds
[0m03:52:37.767889 [debug] [ThreadPool]: On create_analytics_main: COMMIT
[0m03:52:37.767998 [debug] [ThreadPool]: Using duckdb connection "create_analytics_main"
[0m03:52:37.768090 [debug] [ThreadPool]: On create_analytics_main: COMMIT
[0m03:52:37.768213 [debug] [ThreadPool]: SQL status: OK in 0.0 seconds
[0m03:52:37.768325 [debug] [ThreadPool]: On create_analytics_main: Close
[0m03:52:37.769417 [debug] [ThreadPool]: Re-using an available connection from the pool (formerly create_analytics_main, now list_analytics_main)
[0m03:52:37.771415 [debug] [ThreadPool]: Using duckdb connection "list_analytics_main"
[0m03:52:37.771573 [debug] [ThreadPool]: On list_analytics_main: BEGIN
[0m03:52:37.771792 [debug] [ThreadPool]: Opening a new connection, currently in state closed
[0m03:52:37.774202 [debug] [ThreadPool]: SQL status: OK in 0.0 seconds
[0m03:52:37.774358 [debug] [ThreadPool]: Using duckdb connection "list_analytics_main"
[0m03:52:37.774492 [debug] [ThreadPool]: On list_analytics_main: /* {"app": "dbt", "dbt_version": "1.7.19", "profile_name": "ecomm", "target_name": "dev", "connection_name": "list_analytics_main"} */
select
      'analytics' as database,
      table_name as name,
      table_schema as schema,
      CASE table_type
        WHEN 'BASE TABLE' THEN 'table'
        WHEN 'VIEW' THEN 'view'
        WHEN 'LOCAL TEMPORARY' THEN 'table'
        END as type
    from system.information_schema.tables
    where table_schema = 'main'
    and table_catalog = 'analytics'
  
[0m03:52:37.780939 [debug] [ThreadPool]: SQL status: OK in 0.0 seconds
[0m03:52:37.781341 [debug] [ThreadPool]: On list_analytics_main: ROLLBACK
[0m03:52:37.781617 [debug] [ThreadPool]: Failed to rollback 'list_analytics_main'
[0m03:52:37.781752 [debug] [ThreadPool]: On list_analytics_main: Close
[0m03:52:37.782603 [debug] [MainThread]: Sending event: {'category': 'dbt', 'action': 'runnable_timing', 'label': 'ff015258-11ca-4f91-9763-acffcbcd0641', 'context': [<snowplow_tracker.self_describing_json.SelfDescribingJson object at 0xffffae53b8d0>]}
[0m03:52:37.782807 [debug] [MainThread]: Using duckdb connection "master"
[0m03:52:37.782923 [debug] [MainThread]: On master: BEGIN
[0m03:52:37.783031 [debug] [MainThread]: Opening a new connection, currently in state init
[0m03:52:37.785271 [debug] [MainThread]: SQL status: OK in 0.0 seconds
[0m03:52:37.785392 [debug] [MainThread]: On master: COMMIT
[0m03:52:37.785506 [debug] [MainThread]: Using duckdb connection "master"
[0m03:52:37.785618 [debug] [MainThread]: On master: COMMIT
[0m03:52:37.785796 [debug] [MainThread]: SQL status: OK in 0.0 seconds
[0m03:52:37.785912 [debug] [MainThread]: On master: Close
[0m03:52:37.786513 [info ] [MainThread]: Concurrency: 4 threads (target='dev')
[0m03:52:37.786685 [info ] [MainThread]: 
[0m03:52:37.789806 [debug] [Thread-1 (]: Began running node model.ecomm_analytics.stg_orders
[0m03:52:37.790024 [info ] [Thread-1 (]: 1 of 1 START sql table model main.stg_orders ................................... [RUN]
[0m03:52:37.790380 [debug] [Thread-1 (]: Acquiring new duckdb connection 'model.ecomm_analytics.stg_orders'
[0m03:52:37.790529 [debug] [Thread-1 (]: Began compiling node model.ecomm_analytics.stg_orders
[0m03:52:37.793607 [debug] [Thread-1 (]: Writing injected SQL for node "model.ecomm_analytics.stg_orders"
[0m03:52:37.794477 [debug] [Thread-1 (]: Timing info for model.ecomm_analytics.stg_orders (compile): 03:52:37.790665 => 03:52:37.794396
[0m03:52:37.794621 [debug] [Thread-1 (]: Began executing node model.ecomm_analytics.stg_orders
[0m03:52:37.804264 [debug] [Thread-1 (]: Writing runtime sql for node "model.ecomm_analytics.stg_orders"
[0m03:52:37.805102 [debug] [Thread-1 (]: Using duckdb connection "model.ecomm_analytics.stg_orders"
[0m03:52:37.805263 [debug] [Thread-1 (]: On model.ecomm_analytics.stg_orders: BEGIN
[0m03:52:37.805420 [debug] [Thread-1 (]: Opening a new connection, currently in state init
[0m03:52:37.808443 [debug] [Thread-1 (]: SQL status: OK in 0.0 seconds
[0m03:52:37.808616 [debug] [Thread-1 (]: Using duckdb connection "model.ecomm_analytics.stg_orders"
[0m03:52:37.808772 [debug] [Thread-1 (]: On model.ecomm_analytics.stg_orders: /* {"app": "dbt", "dbt_version": "1.7.19", "profile_name": "ecomm", "target_name": "dev", "node_id": "model.ecomm_analytics.stg_orders"} */

  
    
    

    create  table
      "analytics"."main"."stg_orders__dbt_tmp"
  
    as (
      

select
    order_id
    , customer_id
    , order_status
    , order_purchase_timestamp
    , 
    -- Assume the input timestamp is America/Sao_Paulo and convert to target timezone
    (order_purchase_timestamp::TIMESTAMP AT TIME ZONE 'America/Sao_Paulo' AT TIME ZONE 'America/New_York')
 as order_purchase_timestamp_et
    , order_approved_at
    , 
    -- Assume the input timestamp is America/Sao_Paulo and convert to target timezone
    (order_approved_at::TIMESTAMP AT TIME ZONE 'America/Sao_Paulo' AT TIME ZONE 'America/New_York')
 as order_approved_at_et
    , order_delivered_carrier_date
    , 
    -- Assume the input timestamp is America/Sao_Paulo and convert to target timezone
    (order_delivered_carrier_date::TIMESTAMP AT TIME ZONE 'America/Sao_Paulo' AT TIME ZONE 'America/New_York')
 as order_delivered_carrier_date_et
    , order_delivered_customer_date
    , 
    -- Assume the input timestamp is America/Sao_Paulo and convert to target timezone
    (order_delivered_customer_date::TIMESTAMP AT TIME ZONE 'America/Sao_Paulo' AT TIME ZONE 'America/New_York')
 as order_delivered_customer_date_et
    , order_estimated_delivery_time
    , 
    -- Assume the input timestamp is America/Sao_Paulo and convert to target timezone
    (order_estimated_delivery_time::TIMESTAMP AT TIME ZONE 'America/Sao_Paulo' AT TIME ZONE 'America/New_York')
 as order_estimated_delivery_time_et

from "analytics"."raw"."orders"
    );
  
  
[0m03:52:37.809402 [debug] [Thread-1 (]: Timing info for model.ecomm_analytics.stg_orders (execute): 03:52:37.794722 => 03:52:37.809338
[0m03:52:37.809555 [debug] [Thread-1 (]: On model.ecomm_analytics.stg_orders: ROLLBACK
[0m03:52:37.810737 [debug] [Thread-1 (]: Failed to rollback 'model.ecomm_analytics.stg_orders'
[0m03:52:37.810886 [debug] [Thread-1 (]: On model.ecomm_analytics.stg_orders: Close
[0m03:52:37.812169 [debug] [Thread-1 (]: Runtime Error in model stg_orders (models/staging/stg_orders.sql)
  Binder Error: Referenced column "order_estimated_delivery_time" not found in FROM clause!
  Candidate bindings: "orders.order_estimated_delivery_date"
  LINE 37:     , order_estimated_delivery_time
                 ^
[0m03:52:37.812351 [debug] [Thread-1 (]: Sending event: {'category': 'dbt', 'action': 'run_model', 'label': 'ff015258-11ca-4f91-9763-acffcbcd0641', 'context': [<snowplow_tracker.self_describing_json.SelfDescribingJson object at 0xffffb5d1c850>]}
[0m03:52:37.812573 [error] [Thread-1 (]: 1 of 1 ERROR creating sql table model main.stg_orders .......................... [[31mERROR[0m in 0.02s]
[0m03:52:37.812859 [debug] [Thread-1 (]: Finished running node model.ecomm_analytics.stg_orders
[0m03:52:37.813715 [debug] [MainThread]: Using duckdb connection "master"
[0m03:52:37.813855 [debug] [MainThread]: On master: BEGIN
[0m03:52:37.813977 [debug] [MainThread]: Opening a new connection, currently in state closed
[0m03:52:37.816355 [debug] [MainThread]: SQL status: OK in 0.0 seconds
[0m03:52:37.816489 [debug] [MainThread]: On master: COMMIT
[0m03:52:37.816629 [debug] [MainThread]: Using duckdb connection "master"
[0m03:52:37.816770 [debug] [MainThread]: On master: COMMIT
[0m03:52:37.816931 [debug] [MainThread]: SQL status: OK in 0.0 seconds
[0m03:52:37.817053 [debug] [MainThread]: On master: Close
[0m03:52:37.817565 [debug] [MainThread]: Connection 'master' was properly closed.
[0m03:52:37.817691 [debug] [MainThread]: Connection 'list_analytics_main' was properly closed.
[0m03:52:37.817797 [debug] [MainThread]: Connection 'model.ecomm_analytics.stg_orders' was properly closed.
[0m03:52:37.817909 [info ] [MainThread]: 
[0m03:52:37.818030 [info ] [MainThread]: Finished running 1 table model in 0 hours 0 minutes and 0.75 seconds (0.75s).
[0m03:52:37.818350 [debug] [MainThread]: Command end result
[0m03:52:37.821681 [info ] [MainThread]: 
[0m03:52:37.821866 [info ] [MainThread]: [31mCompleted with 1 error and 0 warnings:[0m
[0m03:52:37.822063 [info ] [MainThread]: 
[0m03:52:37.822255 [error] [MainThread]:   Runtime Error in model stg_orders (models/staging/stg_orders.sql)
  Binder Error: Referenced column "order_estimated_delivery_time" not found in FROM clause!
  Candidate bindings: "orders.order_estimated_delivery_date"
  LINE 37:     , order_estimated_delivery_time
                 ^
[0m03:52:37.822454 [info ] [MainThread]: 
[0m03:52:37.822653 [info ] [MainThread]: Done. PASS=0 WARN=0 ERROR=1 SKIP=0 TOTAL=1
[0m03:52:37.823004 [debug] [MainThread]: Resource report: {"command_name": "run", "command_wall_clock_time": 0.84532905, "process_user_time": 0.71906, "process_kernel_time": 0.142792, "process_mem_max_rss": "237000", "process_out_blocks": "81986", "command_success": false, "process_in_blocks": "0"}
[0m03:52:37.823163 [debug] [MainThread]: Command `dbt run` failed at 03:52:37.823128 after 0.85 seconds
[0m03:52:37.823296 [debug] [MainThread]: Sending event: {'category': 'dbt', 'action': 'invocation', 'label': 'end', 'context': [<snowplow_tracker.self_describing_json.SelfDescribingJson object at 0xffffbb0d1110>, <snowplow_tracker.self_describing_json.SelfDescribingJson object at 0xffffae364710>, <snowplow_tracker.self_describing_json.SelfDescribingJson object at 0xffffae364450>]}
[0m03:52:37.823427 [debug] [MainThread]: Flushing usage events
[0m03:53:24.469593 [debug] [MainThread]: Sending event: {'category': 'dbt', 'action': 'invocation', 'label': 'start', 'context': [<snowplow_tracker.self_describing_json.SelfDescribingJson object at 0xffff83778cd0>, <snowplow_tracker.self_describing_json.SelfDescribingJson object at 0xffff8377b550>, <snowplow_tracker.self_describing_json.SelfDescribingJson object at 0xffff8377bb50>]}


============================== 03:53:24.470564 | 6df30299-91d4-4f47-a1e6-e8d15a1dcc66 ==============================
[0m03:53:24.470564 [info ] [MainThread]: Running with dbt=1.7.19
[0m03:53:24.470902 [debug] [MainThread]: running dbt with arguments {'printer_width': '80', 'indirect_selection': 'eager', 'write_json': 'True', 'log_cache_events': 'False', 'partial_parse': 'True', 'cache_selected_only': 'False', 'profiles_dir': '/app/dbt_project', 'fail_fast': 'False', 'debug': 'False', 'log_path': '/app/dbt_project/logs', 'warn_error': 'None', 'version_check': 'True', 'use_colors': 'True', 'use_experimental_parser': 'False', 'no_print': 'None', 'quiet': 'False', 'log_format': 'default', 'introspect': 'True', 'static_parser': 'True', 'invocation_command': 'dbt run -s stg_orders', 'target_path': 'None', 'warn_error_options': 'WarnErrorOptions(include=[], exclude=[])', 'send_anonymous_usage_stats': 'True'}
[0m03:53:24.519541 [debug] [MainThread]: Sending event: {'category': 'dbt', 'action': 'project_id', 'label': '6df30299-91d4-4f47-a1e6-e8d15a1dcc66', 'context': [<snowplow_tracker.self_describing_json.SelfDescribingJson object at 0xffff7beb9190>]}
[0m03:53:24.534882 [debug] [MainThread]: Sending event: {'category': 'dbt', 'action': 'adapter_info', 'label': '6df30299-91d4-4f47-a1e6-e8d15a1dcc66', 'context': [<snowplow_tracker.self_describing_json.SelfDescribingJson object at 0xffff83695ed0>]}
[0m03:53:24.535163 [info ] [MainThread]: Registered adapter: duckdb=1.7.3
[0m03:53:24.537569 [debug] [MainThread]: checksum: a8d43cdff37d0f32d7fbe4c5c25bea4bb6c86e162f8ce8fdb1a38cdcf7495431, vars: {}, profile: , target: , version: 1.7.19
[0m03:53:24.546170 [debug] [MainThread]: Partial parsing enabled: 0 files deleted, 0 files added, 1 files changed.
[0m03:53:24.546387 [debug] [MainThread]: Partial parsing: updated file: ecomm_analytics://models/staging/stg_orders.sql
[0m03:53:24.582680 [debug] [MainThread]: Sending event: {'category': 'dbt', 'action': 'load_project', 'label': '6df30299-91d4-4f47-a1e6-e8d15a1dcc66', 'context': [<snowplow_tracker.self_describing_json.SelfDescribingJson object at 0xffff7bf67590>]}
[0m03:53:24.586205 [debug] [MainThread]: Sending event: {'category': 'dbt', 'action': 'resource_counts', 'label': '6df30299-91d4-4f47-a1e6-e8d15a1dcc66', 'context': [<snowplow_tracker.self_describing_json.SelfDescribingJson object at 0xffff7bf51e10>]}
[0m03:53:24.586379 [info ] [MainThread]: Found 2 models, 9 sources, 0 exposures, 0 metrics, 392 macros, 0 groups, 0 semantic models
[0m03:53:24.586560 [debug] [MainThread]: Sending event: {'category': 'dbt', 'action': 'runnable_timing', 'label': '6df30299-91d4-4f47-a1e6-e8d15a1dcc66', 'context': [<snowplow_tracker.self_describing_json.SelfDescribingJson object at 0xffff7bd530d0>]}
[0m03:53:24.587154 [info ] [MainThread]: 
[0m03:53:24.587488 [debug] [MainThread]: Acquiring new duckdb connection 'master'
[0m03:53:24.587903 [debug] [ThreadPool]: Acquiring new duckdb connection 'list_analytics'
[0m03:53:24.591422 [debug] [ThreadPool]: Using duckdb connection "list_analytics"
[0m03:53:24.591565 [debug] [ThreadPool]: On list_analytics: /* {"app": "dbt", "dbt_version": "1.7.19", "profile_name": "ecomm", "target_name": "dev", "connection_name": "list_analytics"} */

    
    select schema_name
    from system.information_schema.schemata
    
    where catalog_name = '"analytics"'
    
  
  
[0m03:53:24.591714 [debug] [ThreadPool]: Opening a new connection, currently in state init
[0m03:53:24.595427 [debug] [ThreadPool]: SQL status: OK in 0.0 seconds
[0m03:53:24.595901 [debug] [ThreadPool]: On list_analytics: Close
[0m03:53:24.596794 [debug] [ThreadPool]: Re-using an available connection from the pool (formerly list_analytics, now create_analytics_main)
[0m03:53:24.597015 [debug] [ThreadPool]: Creating schema "database: "analytics"
schema: "main"
"
[0m03:53:24.599070 [debug] [ThreadPool]: Using duckdb connection "create_analytics_main"
[0m03:53:24.599212 [debug] [ThreadPool]: On create_analytics_main: /* {"app": "dbt", "dbt_version": "1.7.19", "profile_name": "ecomm", "target_name": "dev", "connection_name": "create_analytics_main"} */

    
        select type from duckdb_databases()
        where database_name='analytics'
        and type='sqlite'
    
  
[0m03:53:24.599321 [debug] [ThreadPool]: Opening a new connection, currently in state closed
[0m03:53:24.601687 [debug] [ThreadPool]: SQL status: OK in 0.0 seconds
[0m03:53:24.602107 [debug] [ThreadPool]: Using duckdb connection "create_analytics_main"
[0m03:53:24.602230 [debug] [ThreadPool]: On create_analytics_main: BEGIN
[0m03:53:24.602360 [debug] [ThreadPool]: SQL status: OK in 0.0 seconds
[0m03:53:24.602478 [debug] [ThreadPool]: Using duckdb connection "create_analytics_main"
[0m03:53:24.602581 [debug] [ThreadPool]: On create_analytics_main: /* {"app": "dbt", "dbt_version": "1.7.19", "profile_name": "ecomm", "target_name": "dev", "connection_name": "create_analytics_main"} */

    
    
        create schema if not exists "analytics"."main"
    
[0m03:53:24.602769 [debug] [ThreadPool]: SQL status: OK in 0.0 seconds
[0m03:53:24.603028 [debug] [ThreadPool]: On create_analytics_main: COMMIT
[0m03:53:24.603135 [debug] [ThreadPool]: Using duckdb connection "create_analytics_main"
[0m03:53:24.603226 [debug] [ThreadPool]: On create_analytics_main: COMMIT
[0m03:53:24.603363 [debug] [ThreadPool]: SQL status: OK in 0.0 seconds
[0m03:53:24.603475 [debug] [ThreadPool]: On create_analytics_main: Close
[0m03:53:24.604541 [debug] [ThreadPool]: Acquiring new duckdb connection 'list_analytics_main'
[0m03:53:24.606205 [debug] [ThreadPool]: Using duckdb connection "list_analytics_main"
[0m03:53:24.606332 [debug] [ThreadPool]: On list_analytics_main: BEGIN
[0m03:53:24.606441 [debug] [ThreadPool]: Opening a new connection, currently in state init
[0m03:53:24.609156 [debug] [ThreadPool]: SQL status: OK in 0.0 seconds
[0m03:53:24.609289 [debug] [ThreadPool]: Using duckdb connection "list_analytics_main"
[0m03:53:24.609415 [debug] [ThreadPool]: On list_analytics_main: /* {"app": "dbt", "dbt_version": "1.7.19", "profile_name": "ecomm", "target_name": "dev", "connection_name": "list_analytics_main"} */
select
      'analytics' as database,
      table_name as name,
      table_schema as schema,
      CASE table_type
        WHEN 'BASE TABLE' THEN 'table'
        WHEN 'VIEW' THEN 'view'
        WHEN 'LOCAL TEMPORARY' THEN 'table'
        END as type
    from system.information_schema.tables
    where table_schema = 'main'
    and table_catalog = 'analytics'
  
[0m03:53:24.615892 [debug] [ThreadPool]: SQL status: OK in 0.0 seconds
[0m03:53:24.616315 [debug] [ThreadPool]: On list_analytics_main: ROLLBACK
[0m03:53:24.616605 [debug] [ThreadPool]: Failed to rollback 'list_analytics_main'
[0m03:53:24.616720 [debug] [ThreadPool]: On list_analytics_main: Close
[0m03:53:24.617481 [debug] [MainThread]: Sending event: {'category': 'dbt', 'action': 'runnable_timing', 'label': '6df30299-91d4-4f47-a1e6-e8d15a1dcc66', 'context': [<snowplow_tracker.self_describing_json.SelfDescribingJson object at 0xffff83625190>]}
[0m03:53:24.617701 [debug] [MainThread]: Using duckdb connection "master"
[0m03:53:24.617818 [debug] [MainThread]: On master: BEGIN
[0m03:53:24.617924 [debug] [MainThread]: Opening a new connection, currently in state init
[0m03:53:24.620129 [debug] [MainThread]: SQL status: OK in 0.0 seconds
[0m03:53:24.620252 [debug] [MainThread]: On master: COMMIT
[0m03:53:24.620349 [debug] [MainThread]: Using duckdb connection "master"
[0m03:53:24.620436 [debug] [MainThread]: On master: COMMIT
[0m03:53:24.620566 [debug] [MainThread]: SQL status: OK in 0.0 seconds
[0m03:53:24.620683 [debug] [MainThread]: On master: Close
[0m03:53:24.621282 [info ] [MainThread]: Concurrency: 4 threads (target='dev')
[0m03:53:24.621446 [info ] [MainThread]: 
[0m03:53:24.622723 [debug] [Thread-1 (]: Began running node model.ecomm_analytics.stg_orders
[0m03:53:24.622943 [info ] [Thread-1 (]: 1 of 1 START sql table model main.stg_orders ................................... [RUN]
[0m03:53:24.623264 [debug] [Thread-1 (]: Acquiring new duckdb connection 'model.ecomm_analytics.stg_orders'
[0m03:53:24.623417 [debug] [Thread-1 (]: Began compiling node model.ecomm_analytics.stg_orders
[0m03:53:24.625882 [debug] [Thread-1 (]: Writing injected SQL for node "model.ecomm_analytics.stg_orders"
[0m03:53:24.626348 [debug] [Thread-1 (]: Timing info for model.ecomm_analytics.stg_orders (compile): 03:53:24.623527 => 03:53:24.626264
[0m03:53:24.626511 [debug] [Thread-1 (]: Began executing node model.ecomm_analytics.stg_orders
[0m03:53:24.636540 [debug] [Thread-1 (]: Writing runtime sql for node "model.ecomm_analytics.stg_orders"
[0m03:53:24.636948 [debug] [Thread-1 (]: Using duckdb connection "model.ecomm_analytics.stg_orders"
[0m03:53:24.637060 [debug] [Thread-1 (]: On model.ecomm_analytics.stg_orders: BEGIN
[0m03:53:24.637164 [debug] [Thread-1 (]: Opening a new connection, currently in state init
[0m03:53:24.639924 [debug] [Thread-1 (]: SQL status: OK in 0.0 seconds
[0m03:53:24.640083 [debug] [Thread-1 (]: Using duckdb connection "model.ecomm_analytics.stg_orders"
[0m03:53:24.640221 [debug] [Thread-1 (]: On model.ecomm_analytics.stg_orders: /* {"app": "dbt", "dbt_version": "1.7.19", "profile_name": "ecomm", "target_name": "dev", "node_id": "model.ecomm_analytics.stg_orders"} */

  
    
    

    create  table
      "analytics"."main"."stg_orders__dbt_tmp"
  
    as (
      

select
 *

from "analytics"."raw"."orders"
    );
  
  
[0m03:53:24.671925 [debug] [Thread-1 (]: SQL status: OK in 0.0 seconds
[0m03:53:24.674034 [debug] [Thread-1 (]: Using duckdb connection "model.ecomm_analytics.stg_orders"
[0m03:53:24.674196 [debug] [Thread-1 (]: On model.ecomm_analytics.stg_orders: /* {"app": "dbt", "dbt_version": "1.7.19", "profile_name": "ecomm", "target_name": "dev", "node_id": "model.ecomm_analytics.stg_orders"} */
alter table "analytics"."main"."stg_orders__dbt_tmp" rename to "stg_orders"
[0m03:53:24.674450 [debug] [Thread-1 (]: SQL status: OK in 0.0 seconds
[0m03:53:24.679695 [debug] [Thread-1 (]: On model.ecomm_analytics.stg_orders: COMMIT
[0m03:53:24.679839 [debug] [Thread-1 (]: Using duckdb connection "model.ecomm_analytics.stg_orders"
[0m03:53:24.679969 [debug] [Thread-1 (]: On model.ecomm_analytics.stg_orders: COMMIT
[0m03:53:24.732787 [debug] [Thread-1 (]: SQL status: OK in 0.0 seconds
[0m03:53:24.734562 [debug] [Thread-1 (]: Using duckdb connection "model.ecomm_analytics.stg_orders"
[0m03:53:24.734711 [debug] [Thread-1 (]: On model.ecomm_analytics.stg_orders: /* {"app": "dbt", "dbt_version": "1.7.19", "profile_name": "ecomm", "target_name": "dev", "node_id": "model.ecomm_analytics.stg_orders"} */
drop table if exists "analytics"."main"."stg_orders__dbt_backup" cascade
[0m03:53:24.734991 [debug] [Thread-1 (]: SQL status: OK in 0.0 seconds
[0m03:53:24.735513 [debug] [Thread-1 (]: Timing info for model.ecomm_analytics.stg_orders (execute): 03:53:24.626603 => 03:53:24.735444
[0m03:53:24.735672 [debug] [Thread-1 (]: On model.ecomm_analytics.stg_orders: Close
[0m03:53:24.792849 [debug] [Thread-1 (]: Sending event: {'category': 'dbt', 'action': 'run_model', 'label': '6df30299-91d4-4f47-a1e6-e8d15a1dcc66', 'context': [<snowplow_tracker.self_describing_json.SelfDescribingJson object at 0xffff7bd53c50>]}
[0m03:53:24.793125 [info ] [Thread-1 (]: 1 of 1 OK created sql table model main.stg_orders .............................. [[32mOK[0m in 0.17s]
[0m03:53:24.793331 [debug] [Thread-1 (]: Finished running node model.ecomm_analytics.stg_orders
[0m03:53:24.794027 [debug] [MainThread]: Using duckdb connection "master"
[0m03:53:24.794190 [debug] [MainThread]: On master: BEGIN
[0m03:53:24.794310 [debug] [MainThread]: Opening a new connection, currently in state closed
[0m03:53:24.797575 [debug] [MainThread]: SQL status: OK in 0.0 seconds
[0m03:53:24.797714 [debug] [MainThread]: On master: COMMIT
[0m03:53:24.797839 [debug] [MainThread]: Using duckdb connection "master"
[0m03:53:24.797938 [debug] [MainThread]: On master: COMMIT
[0m03:53:24.798057 [debug] [MainThread]: SQL status: OK in 0.0 seconds
[0m03:53:24.798159 [debug] [MainThread]: On master: Close
[0m03:53:24.798774 [debug] [MainThread]: Connection 'master' was properly closed.
[0m03:53:24.798880 [debug] [MainThread]: Connection 'create_analytics_main' was properly closed.
[0m03:53:24.798968 [debug] [MainThread]: Connection 'list_analytics_main' was properly closed.
[0m03:53:24.799045 [debug] [MainThread]: Connection 'model.ecomm_analytics.stg_orders' was properly closed.
[0m03:53:24.799147 [info ] [MainThread]: 
[0m03:53:24.799292 [info ] [MainThread]: Finished running 1 table model in 0 hours 0 minutes and 0.21 seconds (0.21s).
[0m03:53:24.799618 [debug] [MainThread]: Command end result
[0m03:53:24.802243 [info ] [MainThread]: 
[0m03:53:24.802473 [info ] [MainThread]: [32mCompleted successfully[0m
[0m03:53:24.802647 [info ] [MainThread]: 
[0m03:53:24.802902 [info ] [MainThread]: Done. PASS=1 WARN=0 ERROR=0 SKIP=0 TOTAL=1
[0m03:53:24.803487 [debug] [MainThread]: Resource report: {"command_name": "run", "command_success": true, "command_wall_clock_time": 0.34532425, "process_user_time": 0.786117, "process_kernel_time": 0.05871, "process_mem_max_rss": "207076", "process_out_blocks": "39791", "process_in_blocks": "0"}
[0m03:53:24.803710 [debug] [MainThread]: Command `dbt run` succeeded at 03:53:24.803646 after 0.35 seconds
[0m03:53:24.803901 [debug] [MainThread]: Sending event: {'category': 'dbt', 'action': 'invocation', 'label': 'end', 'context': [<snowplow_tracker.self_describing_json.SelfDescribingJson object at 0xffff83a841d0>, <snowplow_tracker.self_describing_json.SelfDescribingJson object at 0xffff83a84090>, <snowplow_tracker.self_describing_json.SelfDescribingJson object at 0xffff836dc750>]}
[0m03:53:24.804058 [debug] [MainThread]: Flushing usage events
[0m03:56:47.838045 [debug] [MainThread]: Sending event: {'category': 'dbt', 'action': 'invocation', 'label': 'start', 'context': [<snowplow_tracker.self_describing_json.SelfDescribingJson object at 0xffff9aeec910>, <snowplow_tracker.self_describing_json.SelfDescribingJson object at 0xffff9aead010>, <snowplow_tracker.self_describing_json.SelfDescribingJson object at 0xffff9aead510>]}


============================== 03:56:47.839036 | 1b83f26a-8d6c-455d-b8c5-c39e7fbce1f4 ==============================
[0m03:56:47.839036 [info ] [MainThread]: Running with dbt=1.7.19
[0m03:56:47.839318 [debug] [MainThread]: running dbt with arguments {'printer_width': '80', 'indirect_selection': 'eager', 'log_cache_events': 'False', 'write_json': 'True', 'partial_parse': 'True', 'cache_selected_only': 'False', 'profiles_dir': '/app/dbt_project', 'debug': 'False', 'warn_error': 'None', 'log_path': '/app/dbt_project/logs', 'fail_fast': 'False', 'version_check': 'True', 'use_colors': 'True', 'use_experimental_parser': 'False', 'no_print': 'None', 'quiet': 'False', 'log_format': 'default', 'static_parser': 'True', 'warn_error_options': 'WarnErrorOptions(include=[], exclude=[])', 'introspect': 'True', 'target_path': 'None', 'invocation_command': 'dbt ls --select stg_orders', 'send_anonymous_usage_stats': 'True'}
[0m03:56:47.887811 [debug] [MainThread]: Sending event: {'category': 'dbt', 'action': 'project_id', 'label': '1b83f26a-8d6c-455d-b8c5-c39e7fbce1f4', 'context': [<snowplow_tracker.self_describing_json.SelfDescribingJson object at 0xffff9adbf5d0>]}
[0m03:56:47.902888 [debug] [MainThread]: Sending event: {'category': 'dbt', 'action': 'adapter_info', 'label': '1b83f26a-8d6c-455d-b8c5-c39e7fbce1f4', 'context': [<snowplow_tracker.self_describing_json.SelfDescribingJson object at 0xffff9adb5390>]}
[0m03:56:47.903144 [info ] [MainThread]: Registered adapter: duckdb=1.7.3
[0m03:56:47.905553 [debug] [MainThread]: checksum: a8d43cdff37d0f32d7fbe4c5c25bea4bb6c86e162f8ce8fdb1a38cdcf7495431, vars: {}, profile: , target: , version: 1.7.19
[0m03:56:47.914586 [debug] [MainThread]: Partial parsing enabled: 0 files deleted, 0 files added, 1 files changed.
[0m03:56:47.914802 [debug] [MainThread]: Partial parsing: updated file: ecomm_analytics://models/staging/stg_orders.sql
[0m03:56:47.952830 [debug] [MainThread]: Sending event: {'category': 'dbt', 'action': 'load_project', 'label': '1b83f26a-8d6c-455d-b8c5-c39e7fbce1f4', 'context': [<snowplow_tracker.self_describing_json.SelfDescribingJson object at 0xffff9805f010>]}
[0m03:56:47.956419 [debug] [MainThread]: Sending event: {'category': 'dbt', 'action': 'resource_counts', 'label': '1b83f26a-8d6c-455d-b8c5-c39e7fbce1f4', 'context': [<snowplow_tracker.self_describing_json.SelfDescribingJson object at 0xffff9811eb50>]}
[0m03:56:47.956603 [info ] [MainThread]: Found 2 models, 9 sources, 0 exposures, 0 metrics, 392 macros, 0 groups, 0 semantic models
[0m03:56:47.956815 [debug] [MainThread]: Sending event: {'category': 'dbt', 'action': 'runnable_timing', 'label': '1b83f26a-8d6c-455d-b8c5-c39e7fbce1f4', 'context': [<snowplow_tracker.self_describing_json.SelfDescribingJson object at 0xffff9332ff10>]}
[0m03:56:47.957322 [debug] [MainThread]: Resource report: {"command_name": "list", "command_success": true, "command_wall_clock_time": 0.13051458, "process_user_time": 0.621107, "process_kernel_time": 0.039942, "process_mem_max_rss": "137428", "process_out_blocks": "1542", "process_in_blocks": "0"}
[0m03:56:47.957505 [debug] [MainThread]: Command `dbt ls` succeeded at 03:56:47.957465 after 0.13 seconds
[0m03:56:47.957641 [debug] [MainThread]: Sending event: {'category': 'dbt', 'action': 'invocation', 'label': 'end', 'context': [<snowplow_tracker.self_describing_json.SelfDescribingJson object at 0xffff9ad13510>, <snowplow_tracker.self_describing_json.SelfDescribingJson object at 0xffff9ad134d0>, <snowplow_tracker.self_describing_json.SelfDescribingJson object at 0xffff9812e090>]}
[0m03:56:47.957802 [debug] [MainThread]: Flushing usage events
[0m04:04:01.232530 [debug] [MainThread]: Sending event: {'category': 'dbt', 'action': 'invocation', 'label': 'start', 'context': [<snowplow_tracker.self_describing_json.SelfDescribingJson object at 0xffff7b06aed0>, <snowplow_tracker.self_describing_json.SelfDescribingJson object at 0xffff7b06b410>, <snowplow_tracker.self_describing_json.SelfDescribingJson object at 0xffff7b06b650>]}


============================== 04:04:01.233529 | 06943b8d-2a21-4bd0-89a0-0d9d0a6e9804 ==============================
[0m04:04:01.233529 [info ] [MainThread]: Running with dbt=1.7.19
[0m04:04:01.233803 [debug] [MainThread]: running dbt with arguments {'printer_width': '80', 'indirect_selection': 'eager', 'write_json': 'True', 'log_cache_events': 'False', 'partial_parse': 'True', 'cache_selected_only': 'False', 'warn_error': 'None', 'debug': 'False', 'profiles_dir': '/app/dbt_project', 'log_path': '/app/dbt_project/logs', 'version_check': 'True', 'fail_fast': 'False', 'use_colors': 'True', 'use_experimental_parser': 'False', 'no_print': 'None', 'quiet': 'False', 'log_format': 'default', 'static_parser': 'True', 'invocation_command': 'dbt run -s stg_orders', 'warn_error_options': 'WarnErrorOptions(include=[], exclude=[])', 'target_path': 'None', 'introspect': 'True', 'send_anonymous_usage_stats': 'True'}
[0m04:04:01.282229 [debug] [MainThread]: Sending event: {'category': 'dbt', 'action': 'project_id', 'label': '06943b8d-2a21-4bd0-89a0-0d9d0a6e9804', 'context': [<snowplow_tracker.self_describing_json.SelfDescribingJson object at 0xffff7af00f10>]}
[0m04:04:01.297340 [debug] [MainThread]: Sending event: {'category': 'dbt', 'action': 'adapter_info', 'label': '06943b8d-2a21-4bd0-89a0-0d9d0a6e9804', 'context': [<snowplow_tracker.self_describing_json.SelfDescribingJson object at 0xffff7b069b90>]}
[0m04:04:01.297586 [info ] [MainThread]: Registered adapter: duckdb=1.7.3
[0m04:04:01.300034 [debug] [MainThread]: checksum: a8d43cdff37d0f32d7fbe4c5c25bea4bb6c86e162f8ce8fdb1a38cdcf7495431, vars: {}, profile: , target: , version: 1.7.19
[0m04:04:01.309012 [debug] [MainThread]: Partial parsing enabled: 0 files deleted, 0 files added, 0 files changed.
[0m04:04:01.309164 [debug] [MainThread]: Partial parsing enabled, no changes found, skipping parsing
[0m04:04:01.311111 [debug] [MainThread]: Sending event: {'category': 'dbt', 'action': 'load_project', 'label': '06943b8d-2a21-4bd0-89a0-0d9d0a6e9804', 'context': [<snowplow_tracker.self_describing_json.SelfDescribingJson object at 0xffff7376cc50>]}
[0m04:04:01.314620 [debug] [MainThread]: Sending event: {'category': 'dbt', 'action': 'resource_counts', 'label': '06943b8d-2a21-4bd0-89a0-0d9d0a6e9804', 'context': [<snowplow_tracker.self_describing_json.SelfDescribingJson object at 0xffff73697750>]}
[0m04:04:01.314798 [info ] [MainThread]: Found 2 models, 9 sources, 0 exposures, 0 metrics, 392 macros, 0 groups, 0 semantic models
[0m04:04:01.314958 [debug] [MainThread]: Sending event: {'category': 'dbt', 'action': 'runnable_timing', 'label': '06943b8d-2a21-4bd0-89a0-0d9d0a6e9804', 'context': [<snowplow_tracker.self_describing_json.SelfDescribingJson object at 0xffff7b071450>]}
[0m04:04:01.315521 [info ] [MainThread]: 
[0m04:04:01.315844 [debug] [MainThread]: Acquiring new duckdb connection 'master'
[0m04:04:01.316235 [debug] [ThreadPool]: Acquiring new duckdb connection 'list_analytics'
[0m04:04:01.319776 [debug] [ThreadPool]: Using duckdb connection "list_analytics"
[0m04:04:01.319908 [debug] [ThreadPool]: On list_analytics: /* {"app": "dbt", "dbt_version": "1.7.19", "profile_name": "ecomm", "target_name": "dev", "connection_name": "list_analytics"} */

    
    select schema_name
    from system.information_schema.schemata
    
    where catalog_name = '"analytics"'
    
  
  
[0m04:04:01.320018 [debug] [ThreadPool]: Opening a new connection, currently in state init
[0m04:04:01.324146 [debug] [ThreadPool]: SQL status: OK in 0.0 seconds
[0m04:04:01.324610 [debug] [ThreadPool]: On list_analytics: Close
[0m04:04:01.325508 [debug] [ThreadPool]: Re-using an available connection from the pool (formerly list_analytics, now create_analytics_main)
[0m04:04:01.325899 [debug] [ThreadPool]: Creating schema "database: "analytics"
schema: "main"
"
[0m04:04:01.328182 [debug] [ThreadPool]: Using duckdb connection "create_analytics_main"
[0m04:04:01.328324 [debug] [ThreadPool]: On create_analytics_main: /* {"app": "dbt", "dbt_version": "1.7.19", "profile_name": "ecomm", "target_name": "dev", "connection_name": "create_analytics_main"} */

    
        select type from duckdb_databases()
        where database_name='analytics'
        and type='sqlite'
    
  
[0m04:04:01.328434 [debug] [ThreadPool]: Opening a new connection, currently in state closed
[0m04:04:01.331061 [debug] [ThreadPool]: SQL status: OK in 0.0 seconds
[0m04:04:01.331500 [debug] [ThreadPool]: Using duckdb connection "create_analytics_main"
[0m04:04:01.331628 [debug] [ThreadPool]: On create_analytics_main: BEGIN
[0m04:04:01.331769 [debug] [ThreadPool]: SQL status: OK in 0.0 seconds
[0m04:04:01.331897 [debug] [ThreadPool]: Using duckdb connection "create_analytics_main"
[0m04:04:01.331996 [debug] [ThreadPool]: On create_analytics_main: /* {"app": "dbt", "dbt_version": "1.7.19", "profile_name": "ecomm", "target_name": "dev", "connection_name": "create_analytics_main"} */

    
    
        create schema if not exists "analytics"."main"
    
[0m04:04:01.332139 [debug] [ThreadPool]: SQL status: OK in 0.0 seconds
[0m04:04:01.332431 [debug] [ThreadPool]: On create_analytics_main: COMMIT
[0m04:04:01.332552 [debug] [ThreadPool]: Using duckdb connection "create_analytics_main"
[0m04:04:01.332645 [debug] [ThreadPool]: On create_analytics_main: COMMIT
[0m04:04:01.332776 [debug] [ThreadPool]: SQL status: OK in 0.0 seconds
[0m04:04:01.332884 [debug] [ThreadPool]: On create_analytics_main: Close
[0m04:04:01.333962 [debug] [ThreadPool]: Acquiring new duckdb connection 'list_analytics_main'
[0m04:04:01.335612 [debug] [ThreadPool]: Using duckdb connection "list_analytics_main"
[0m04:04:01.335740 [debug] [ThreadPool]: On list_analytics_main: BEGIN
[0m04:04:01.335842 [debug] [ThreadPool]: Opening a new connection, currently in state init
[0m04:04:01.338858 [debug] [ThreadPool]: SQL status: OK in 0.0 seconds
[0m04:04:01.339007 [debug] [ThreadPool]: Using duckdb connection "list_analytics_main"
[0m04:04:01.339129 [debug] [ThreadPool]: On list_analytics_main: /* {"app": "dbt", "dbt_version": "1.7.19", "profile_name": "ecomm", "target_name": "dev", "connection_name": "list_analytics_main"} */
select
      'analytics' as database,
      table_name as name,
      table_schema as schema,
      CASE table_type
        WHEN 'BASE TABLE' THEN 'table'
        WHEN 'VIEW' THEN 'view'
        WHEN 'LOCAL TEMPORARY' THEN 'table'
        END as type
    from system.information_schema.tables
    where table_schema = 'main'
    and table_catalog = 'analytics'
  
[0m04:04:01.344813 [debug] [ThreadPool]: SQL status: OK in 0.0 seconds
[0m04:04:01.346223 [debug] [ThreadPool]: On list_analytics_main: ROLLBACK
[0m04:04:01.346475 [debug] [ThreadPool]: Failed to rollback 'list_analytics_main'
[0m04:04:01.346640 [debug] [ThreadPool]: On list_analytics_main: Close
[0m04:04:01.347531 [debug] [MainThread]: Sending event: {'category': 'dbt', 'action': 'runnable_timing', 'label': '06943b8d-2a21-4bd0-89a0-0d9d0a6e9804', 'context': [<snowplow_tracker.self_describing_json.SelfDescribingJson object at 0xffff7372dd50>]}
[0m04:04:01.347690 [debug] [MainThread]: Using duckdb connection "master"
[0m04:04:01.347808 [debug] [MainThread]: On master: BEGIN
[0m04:04:01.347917 [debug] [MainThread]: Opening a new connection, currently in state init
[0m04:04:01.350442 [debug] [MainThread]: SQL status: OK in 0.0 seconds
[0m04:04:01.350569 [debug] [MainThread]: On master: COMMIT
[0m04:04:01.350672 [debug] [MainThread]: Using duckdb connection "master"
[0m04:04:01.350775 [debug] [MainThread]: On master: COMMIT
[0m04:04:01.350906 [debug] [MainThread]: SQL status: OK in 0.0 seconds
[0m04:04:01.351022 [debug] [MainThread]: On master: Close
[0m04:04:01.351553 [info ] [MainThread]: Concurrency: 4 threads (target='dev')
[0m04:04:01.351708 [info ] [MainThread]: 
[0m04:04:01.352906 [debug] [Thread-1 (]: Began running node model.ecomm_analytics.stg_orders
[0m04:04:01.353113 [info ] [Thread-1 (]: 1 of 1 START sql table model main.stg_orders ................................... [RUN]
[0m04:04:01.353423 [debug] [Thread-1 (]: Acquiring new duckdb connection 'model.ecomm_analytics.stg_orders'
[0m04:04:01.353570 [debug] [Thread-1 (]: Began compiling node model.ecomm_analytics.stg_orders
[0m04:04:01.356576 [debug] [Thread-1 (]: Writing injected SQL for node "model.ecomm_analytics.stg_orders"
[0m04:04:01.357254 [debug] [Thread-1 (]: Timing info for model.ecomm_analytics.stg_orders (compile): 04:04:01.353671 => 04:04:01.357180
[0m04:04:01.357391 [debug] [Thread-1 (]: Began executing node model.ecomm_analytics.stg_orders
[0m04:04:01.366884 [debug] [Thread-1 (]: Writing runtime sql for node "model.ecomm_analytics.stg_orders"
[0m04:04:01.367332 [debug] [Thread-1 (]: Using duckdb connection "model.ecomm_analytics.stg_orders"
[0m04:04:01.367477 [debug] [Thread-1 (]: On model.ecomm_analytics.stg_orders: BEGIN
[0m04:04:01.367597 [debug] [Thread-1 (]: Opening a new connection, currently in state init
[0m04:04:01.370468 [debug] [Thread-1 (]: SQL status: OK in 0.0 seconds
[0m04:04:01.370608 [debug] [Thread-1 (]: Using duckdb connection "model.ecomm_analytics.stg_orders"
[0m04:04:01.370757 [debug] [Thread-1 (]: On model.ecomm_analytics.stg_orders: /* {"app": "dbt", "dbt_version": "1.7.19", "profile_name": "ecomm", "target_name": "dev", "node_id": "model.ecomm_analytics.stg_orders"} */

  
    
    

    create  table
      "analytics"."main"."stg_orders__dbt_tmp"
  
    as (
      

select
    order_id
    , customer_id
    , order_status
    , order_purchase_timestamp
    , 
    -- Assume the input timestamp is America/Sao_Paulo and convert to target timezone
    (order_purchase_timestamp::TIMESTAMP AT TIME ZONE 'America/Sao_Paulo' AT TIME ZONE 'America/New_York')
 as order_purchase_timestamp_et
    , order_approved_at
    , 
    -- Assume the input timestamp is America/Sao_Paulo and convert to target timezone
    (order_approved_at::TIMESTAMP AT TIME ZONE 'America/Sao_Paulo' AT TIME ZONE 'America/New_York')
 as order_approved_at_et
    , order_delivered_carrier_date
    , 
    -- Assume the input timestamp is America/Sao_Paulo and convert to target timezone
    (order_delivered_carrier_date::TIMESTAMP AT TIME ZONE 'America/Sao_Paulo' AT TIME ZONE 'America/New_York')
 as order_delivered_carrier_date_et
    , order_delivered_customer_date
    , 
    -- Assume the input timestamp is America/Sao_Paulo and convert to target timezone
    (order_delivered_customer_date::TIMESTAMP AT TIME ZONE 'America/Sao_Paulo' AT TIME ZONE 'America/New_York')
 as order_delivered_customer_date_et
    , order_estimated_delivery_time
    , 
    -- Assume the input timestamp is America/Sao_Paulo and convert to target timezone
    (order_estimated_delivery_time::TIMESTAMP AT TIME ZONE 'America/Sao_Paulo' AT TIME ZONE 'America/New_York')
 as order_estimated_delivery_time_et

from "analytics"."raw"."orders"
    );
  
  
[0m04:04:01.371258 [debug] [Thread-1 (]: Timing info for model.ecomm_analytics.stg_orders (execute): 04:04:01.357494 => 04:04:01.371200
[0m04:04:01.371391 [debug] [Thread-1 (]: On model.ecomm_analytics.stg_orders: ROLLBACK
[0m04:04:01.372453 [debug] [Thread-1 (]: Failed to rollback 'model.ecomm_analytics.stg_orders'
[0m04:04:01.372593 [debug] [Thread-1 (]: On model.ecomm_analytics.stg_orders: Close
[0m04:04:01.373780 [debug] [Thread-1 (]: Runtime Error in model stg_orders (models/staging/stg_orders.sql)
  Binder Error: Referenced column "order_estimated_delivery_time" not found in FROM clause!
  Candidate bindings: "orders.order_estimated_delivery_date"
  LINE 37:     , order_estimated_delivery_time
                 ^
[0m04:04:01.373973 [debug] [Thread-1 (]: Sending event: {'category': 'dbt', 'action': 'run_model', 'label': '06943b8d-2a21-4bd0-89a0-0d9d0a6e9804', 'context': [<snowplow_tracker.self_describing_json.SelfDescribingJson object at 0xffff7af21890>]}
[0m04:04:01.374195 [error] [Thread-1 (]: 1 of 1 ERROR creating sql table model main.stg_orders .......................... [[31mERROR[0m in 0.02s]
[0m04:04:01.374427 [debug] [Thread-1 (]: Finished running node model.ecomm_analytics.stg_orders
[0m04:04:01.375213 [debug] [MainThread]: Using duckdb connection "master"
[0m04:04:01.375354 [debug] [MainThread]: On master: BEGIN
[0m04:04:01.375526 [debug] [MainThread]: Opening a new connection, currently in state closed
[0m04:04:01.378081 [debug] [MainThread]: SQL status: OK in 0.0 seconds
[0m04:04:01.378207 [debug] [MainThread]: On master: COMMIT
[0m04:04:01.378315 [debug] [MainThread]: Using duckdb connection "master"
[0m04:04:01.378443 [debug] [MainThread]: On master: COMMIT
[0m04:04:01.378600 [debug] [MainThread]: SQL status: OK in 0.0 seconds
[0m04:04:01.378716 [debug] [MainThread]: On master: Close
[0m04:04:01.379254 [debug] [MainThread]: Connection 'master' was properly closed.
[0m04:04:01.379416 [debug] [MainThread]: Connection 'create_analytics_main' was properly closed.
[0m04:04:01.379524 [debug] [MainThread]: Connection 'list_analytics_main' was properly closed.
[0m04:04:01.379612 [debug] [MainThread]: Connection 'model.ecomm_analytics.stg_orders' was properly closed.
[0m04:04:01.379711 [info ] [MainThread]: 
[0m04:04:01.379855 [info ] [MainThread]: Finished running 1 table model in 0 hours 0 minutes and 0.06 seconds (0.06s).
[0m04:04:01.380159 [debug] [MainThread]: Command end result
[0m04:04:01.383405 [info ] [MainThread]: 
[0m04:04:01.383612 [info ] [MainThread]: [31mCompleted with 1 error and 0 warnings:[0m
[0m04:04:01.383780 [info ] [MainThread]: 
[0m04:04:01.383965 [error] [MainThread]:   Runtime Error in model stg_orders (models/staging/stg_orders.sql)
  Binder Error: Referenced column "order_estimated_delivery_time" not found in FROM clause!
  Candidate bindings: "orders.order_estimated_delivery_date"
  LINE 37:     , order_estimated_delivery_time
                 ^
[0m04:04:01.384100 [info ] [MainThread]: 
[0m04:04:01.384292 [info ] [MainThread]: Done. PASS=0 WARN=0 ERROR=1 SKIP=0 TOTAL=1
[0m04:04:01.384649 [debug] [MainThread]: Resource report: {"command_name": "run", "command_wall_clock_time": 0.16334683, "process_user_time": 0.650507, "process_kernel_time": 0.03891, "process_mem_max_rss": "156516", "process_out_blocks": "1578", "command_success": false, "process_in_blocks": "0"}
[0m04:04:01.384816 [debug] [MainThread]: Command `dbt run` failed at 04:04:01.384779 after 0.16 seconds
[0m04:04:01.384953 [debug] [MainThread]: Sending event: {'category': 'dbt', 'action': 'invocation', 'label': 'end', 'context': [<snowplow_tracker.self_describing_json.SelfDescribingJson object at 0xffff7c48bcd0>, <snowplow_tracker.self_describing_json.SelfDescribingJson object at 0xffff802b0e50>, <snowplow_tracker.self_describing_json.SelfDescribingJson object at 0xffff7b063510>]}
[0m04:04:01.385083 [debug] [MainThread]: Flushing usage events
[0m04:04:20.269016 [debug] [MainThread]: Sending event: {'category': 'dbt', 'action': 'invocation', 'label': 'start', 'context': [<snowplow_tracker.self_describing_json.SelfDescribingJson object at 0xffff93ffbc10>, <snowplow_tracker.self_describing_json.SelfDescribingJson object at 0xffff94004550>, <snowplow_tracker.self_describing_json.SelfDescribingJson object at 0xffff93cf8e50>]}


============================== 04:04:20.269995 | c95c16e7-5a02-4e73-8333-409a3bfa79f2 ==============================
[0m04:04:20.269995 [info ] [MainThread]: Running with dbt=1.7.19
[0m04:04:20.270258 [debug] [MainThread]: running dbt with arguments {'printer_width': '80', 'indirect_selection': 'eager', 'write_json': 'True', 'log_cache_events': 'False', 'partial_parse': 'True', 'cache_selected_only': 'False', 'profiles_dir': '/app/dbt_project', 'version_check': 'True', 'fail_fast': 'False', 'log_path': '/app/dbt_project/logs', 'warn_error': 'None', 'debug': 'False', 'use_colors': 'True', 'use_experimental_parser': 'False', 'no_print': 'None', 'quiet': 'False', 'log_format': 'default', 'introspect': 'True', 'invocation_command': 'dbt run -s stg_orders', 'static_parser': 'True', 'target_path': 'None', 'warn_error_options': 'WarnErrorOptions(include=[], exclude=[])', 'send_anonymous_usage_stats': 'True'}
[0m04:04:20.318530 [debug] [MainThread]: Sending event: {'category': 'dbt', 'action': 'project_id', 'label': 'c95c16e7-5a02-4e73-8333-409a3bfa79f2', 'context': [<snowplow_tracker.self_describing_json.SelfDescribingJson object at 0xffff93ba5f10>]}
[0m04:04:20.333957 [debug] [MainThread]: Sending event: {'category': 'dbt', 'action': 'adapter_info', 'label': 'c95c16e7-5a02-4e73-8333-409a3bfa79f2', 'context': [<snowplow_tracker.self_describing_json.SelfDescribingJson object at 0xffff90ed4e50>]}
[0m04:04:20.334207 [info ] [MainThread]: Registered adapter: duckdb=1.7.3
[0m04:04:20.336672 [debug] [MainThread]: checksum: a8d43cdff37d0f32d7fbe4c5c25bea4bb6c86e162f8ce8fdb1a38cdcf7495431, vars: {}, profile: , target: , version: 1.7.19
[0m04:04:20.345335 [debug] [MainThread]: Partial parsing enabled: 0 files deleted, 0 files added, 0 files changed.
[0m04:04:20.345511 [debug] [MainThread]: Partial parsing enabled, no changes found, skipping parsing
[0m04:04:20.347448 [debug] [MainThread]: Sending event: {'category': 'dbt', 'action': 'load_project', 'label': 'c95c16e7-5a02-4e73-8333-409a3bfa79f2', 'context': [<snowplow_tracker.self_describing_json.SelfDescribingJson object at 0xffff93b87490>]}
[0m04:04:20.350978 [debug] [MainThread]: Sending event: {'category': 'dbt', 'action': 'resource_counts', 'label': 'c95c16e7-5a02-4e73-8333-409a3bfa79f2', 'context': [<snowplow_tracker.self_describing_json.SelfDescribingJson object at 0xffff8c297c10>]}
[0m04:04:20.351143 [info ] [MainThread]: Found 2 models, 9 sources, 0 exposures, 0 metrics, 392 macros, 0 groups, 0 semantic models
[0m04:04:20.351281 [debug] [MainThread]: Sending event: {'category': 'dbt', 'action': 'runnable_timing', 'label': 'c95c16e7-5a02-4e73-8333-409a3bfa79f2', 'context': [<snowplow_tracker.self_describing_json.SelfDescribingJson object at 0xffff93ba6010>]}
[0m04:04:20.351839 [info ] [MainThread]: 
[0m04:04:20.352177 [debug] [MainThread]: Acquiring new duckdb connection 'master'
[0m04:04:20.352632 [debug] [ThreadPool]: Acquiring new duckdb connection 'list_analytics'
[0m04:04:20.356183 [debug] [ThreadPool]: Using duckdb connection "list_analytics"
[0m04:04:20.356350 [debug] [ThreadPool]: On list_analytics: /* {"app": "dbt", "dbt_version": "1.7.19", "profile_name": "ecomm", "target_name": "dev", "connection_name": "list_analytics"} */

    
    select schema_name
    from system.information_schema.schemata
    
    where catalog_name = '"analytics"'
    
  
  
[0m04:04:20.356480 [debug] [ThreadPool]: Opening a new connection, currently in state init
[0m04:04:20.360258 [debug] [ThreadPool]: SQL status: OK in 0.0 seconds
[0m04:04:20.360887 [debug] [ThreadPool]: On list_analytics: Close
[0m04:04:20.361895 [debug] [ThreadPool]: Re-using an available connection from the pool (formerly list_analytics, now create_analytics_main)
[0m04:04:20.362151 [debug] [ThreadPool]: Creating schema "database: "analytics"
schema: "main"
"
[0m04:04:20.364194 [debug] [ThreadPool]: Using duckdb connection "create_analytics_main"
[0m04:04:20.364330 [debug] [ThreadPool]: On create_analytics_main: /* {"app": "dbt", "dbt_version": "1.7.19", "profile_name": "ecomm", "target_name": "dev", "connection_name": "create_analytics_main"} */

    
        select type from duckdb_databases()
        where database_name='analytics'
        and type='sqlite'
    
  
[0m04:04:20.364449 [debug] [ThreadPool]: Opening a new connection, currently in state closed
[0m04:04:20.367184 [debug] [ThreadPool]: SQL status: OK in 0.0 seconds
[0m04:04:20.367641 [debug] [ThreadPool]: Using duckdb connection "create_analytics_main"
[0m04:04:20.367765 [debug] [ThreadPool]: On create_analytics_main: BEGIN
[0m04:04:20.367900 [debug] [ThreadPool]: SQL status: OK in 0.0 seconds
[0m04:04:20.367994 [debug] [ThreadPool]: Using duckdb connection "create_analytics_main"
[0m04:04:20.368083 [debug] [ThreadPool]: On create_analytics_main: /* {"app": "dbt", "dbt_version": "1.7.19", "profile_name": "ecomm", "target_name": "dev", "connection_name": "create_analytics_main"} */

    
    
        create schema if not exists "analytics"."main"
    
[0m04:04:20.368219 [debug] [ThreadPool]: SQL status: OK in 0.0 seconds
[0m04:04:20.368517 [debug] [ThreadPool]: On create_analytics_main: COMMIT
[0m04:04:20.368638 [debug] [ThreadPool]: Using duckdb connection "create_analytics_main"
[0m04:04:20.368726 [debug] [ThreadPool]: On create_analytics_main: COMMIT
[0m04:04:20.368877 [debug] [ThreadPool]: SQL status: OK in 0.0 seconds
[0m04:04:20.368993 [debug] [ThreadPool]: On create_analytics_main: Close
[0m04:04:20.370114 [debug] [ThreadPool]: Acquiring new duckdb connection 'list_analytics_main'
[0m04:04:20.371772 [debug] [ThreadPool]: Using duckdb connection "list_analytics_main"
[0m04:04:20.371892 [debug] [ThreadPool]: On list_analytics_main: BEGIN
[0m04:04:20.372001 [debug] [ThreadPool]: Opening a new connection, currently in state init
[0m04:04:20.374974 [debug] [ThreadPool]: SQL status: OK in 0.0 seconds
[0m04:04:20.375107 [debug] [ThreadPool]: Using duckdb connection "list_analytics_main"
[0m04:04:20.375226 [debug] [ThreadPool]: On list_analytics_main: /* {"app": "dbt", "dbt_version": "1.7.19", "profile_name": "ecomm", "target_name": "dev", "connection_name": "list_analytics_main"} */
select
      'analytics' as database,
      table_name as name,
      table_schema as schema,
      CASE table_type
        WHEN 'BASE TABLE' THEN 'table'
        WHEN 'VIEW' THEN 'view'
        WHEN 'LOCAL TEMPORARY' THEN 'table'
        END as type
    from system.information_schema.tables
    where table_schema = 'main'
    and table_catalog = 'analytics'
  
[0m04:04:20.380845 [debug] [ThreadPool]: SQL status: OK in 0.0 seconds
[0m04:04:20.382287 [debug] [ThreadPool]: On list_analytics_main: ROLLBACK
[0m04:04:20.382562 [debug] [ThreadPool]: Failed to rollback 'list_analytics_main'
[0m04:04:20.382679 [debug] [ThreadPool]: On list_analytics_main: Close
[0m04:04:20.383613 [debug] [MainThread]: Sending event: {'category': 'dbt', 'action': 'runnable_timing', 'label': 'c95c16e7-5a02-4e73-8333-409a3bfa79f2', 'context': [<snowplow_tracker.self_describing_json.SelfDescribingJson object at 0xffff94004310>]}
[0m04:04:20.383775 [debug] [MainThread]: Using duckdb connection "master"
[0m04:04:20.383901 [debug] [MainThread]: On master: BEGIN
[0m04:04:20.384016 [debug] [MainThread]: Opening a new connection, currently in state init
[0m04:04:20.386660 [debug] [MainThread]: SQL status: OK in 0.0 seconds
[0m04:04:20.386792 [debug] [MainThread]: On master: COMMIT
[0m04:04:20.386912 [debug] [MainThread]: Using duckdb connection "master"
[0m04:04:20.387018 [debug] [MainThread]: On master: COMMIT
[0m04:04:20.387159 [debug] [MainThread]: SQL status: OK in 0.0 seconds
[0m04:04:20.387271 [debug] [MainThread]: On master: Close
[0m04:04:20.387802 [info ] [MainThread]: Concurrency: 4 threads (target='dev')
[0m04:04:20.387966 [info ] [MainThread]: 
[0m04:04:20.389178 [debug] [Thread-1 (]: Began running node model.ecomm_analytics.stg_orders
[0m04:04:20.389390 [info ] [Thread-1 (]: 1 of 1 START sql table model main.stg_orders ................................... [RUN]
[0m04:04:20.389692 [debug] [Thread-1 (]: Acquiring new duckdb connection 'model.ecomm_analytics.stg_orders'
[0m04:04:20.389829 [debug] [Thread-1 (]: Began compiling node model.ecomm_analytics.stg_orders
[0m04:04:20.392851 [debug] [Thread-1 (]: Writing injected SQL for node "model.ecomm_analytics.stg_orders"
[0m04:04:20.393336 [debug] [Thread-1 (]: Timing info for model.ecomm_analytics.stg_orders (compile): 04:04:20.389930 => 04:04:20.393249
[0m04:04:20.393473 [debug] [Thread-1 (]: Began executing node model.ecomm_analytics.stg_orders
[0m04:04:20.402880 [debug] [Thread-1 (]: Writing runtime sql for node "model.ecomm_analytics.stg_orders"
[0m04:04:20.403297 [debug] [Thread-1 (]: Using duckdb connection "model.ecomm_analytics.stg_orders"
[0m04:04:20.403418 [debug] [Thread-1 (]: On model.ecomm_analytics.stg_orders: BEGIN
[0m04:04:20.403521 [debug] [Thread-1 (]: Opening a new connection, currently in state init
[0m04:04:20.406524 [debug] [Thread-1 (]: SQL status: OK in 0.0 seconds
[0m04:04:20.406668 [debug] [Thread-1 (]: Using duckdb connection "model.ecomm_analytics.stg_orders"
[0m04:04:20.406817 [debug] [Thread-1 (]: On model.ecomm_analytics.stg_orders: /* {"app": "dbt", "dbt_version": "1.7.19", "profile_name": "ecomm", "target_name": "dev", "node_id": "model.ecomm_analytics.stg_orders"} */

  
    
    

    create  table
      "analytics"."main"."stg_orders__dbt_tmp"
  
    as (
      

select
    order_id
    , customer_id
    , order_status
    , order_purchase_timestamp
    , 
    -- Assume the input timestamp is America/Sao_Paulo and convert to target timezone
    (order_purchase_timestamp::TIMESTAMP AT TIME ZONE 'America/Sao_Paulo' AT TIME ZONE 'America/New_York')
 as order_purchase_timestamp_et
    , order_approved_at
    , 
    -- Assume the input timestamp is America/Sao_Paulo and convert to target timezone
    (order_approved_at::TIMESTAMP AT TIME ZONE 'America/Sao_Paulo' AT TIME ZONE 'America/New_York')
 as order_approved_at_et
    , order_delivered_carrier_date
    , 
    -- Assume the input timestamp is America/Sao_Paulo and convert to target timezone
    (order_delivered_carrier_date::TIMESTAMP AT TIME ZONE 'America/Sao_Paulo' AT TIME ZONE 'America/New_York')
 as order_delivered_carrier_date_et
    , order_delivered_customer_date
    , 
    -- Assume the input timestamp is America/Sao_Paulo and convert to target timezone
    (order_delivered_customer_date::TIMESTAMP AT TIME ZONE 'America/Sao_Paulo' AT TIME ZONE 'America/New_York')
 as order_delivered_customer_date_et
    , order_estimated_delivery_time
    , 
    -- Assume the input timestamp is America/Sao_Paulo and convert to target timezone
    (order_estimated_delivery_time::TIMESTAMP AT TIME ZONE 'America/Sao_Paulo' AT TIME ZONE 'America/New_York')
 as order_estimated_delivery_time_et

from "analytics"."raw"."orders"
    );
  
  
[0m04:04:20.407350 [debug] [Thread-1 (]: Timing info for model.ecomm_analytics.stg_orders (execute): 04:04:20.393569 => 04:04:20.407279
[0m04:04:20.407483 [debug] [Thread-1 (]: On model.ecomm_analytics.stg_orders: ROLLBACK
[0m04:04:20.408551 [debug] [Thread-1 (]: Failed to rollback 'model.ecomm_analytics.stg_orders'
[0m04:04:20.408685 [debug] [Thread-1 (]: On model.ecomm_analytics.stg_orders: Close
[0m04:04:20.409861 [debug] [Thread-1 (]: Runtime Error in model stg_orders (models/staging/stg_orders.sql)
  Binder Error: Referenced column "order_estimated_delivery_time" not found in FROM clause!
  Candidate bindings: "orders.order_estimated_delivery_date"
  LINE 37:     , order_estimated_delivery_time
                 ^
[0m04:04:20.410048 [debug] [Thread-1 (]: Sending event: {'category': 'dbt', 'action': 'run_model', 'label': 'c95c16e7-5a02-4e73-8333-409a3bfa79f2', 'context': [<snowplow_tracker.self_describing_json.SelfDescribingJson object at 0xffff93b8cc10>]}
[0m04:04:20.410263 [error] [Thread-1 (]: 1 of 1 ERROR creating sql table model main.stg_orders .......................... [[31mERROR[0m in 0.02s]
[0m04:04:20.410568 [debug] [Thread-1 (]: Finished running node model.ecomm_analytics.stg_orders
[0m04:04:20.411393 [debug] [MainThread]: Using duckdb connection "master"
[0m04:04:20.411516 [debug] [MainThread]: On master: BEGIN
[0m04:04:20.411626 [debug] [MainThread]: Opening a new connection, currently in state closed
[0m04:04:20.414140 [debug] [MainThread]: SQL status: OK in 0.0 seconds
[0m04:04:20.414265 [debug] [MainThread]: On master: COMMIT
[0m04:04:20.414385 [debug] [MainThread]: Using duckdb connection "master"
[0m04:04:20.414475 [debug] [MainThread]: On master: COMMIT
[0m04:04:20.414599 [debug] [MainThread]: SQL status: OK in 0.0 seconds
[0m04:04:20.414715 [debug] [MainThread]: On master: Close
[0m04:04:20.415272 [debug] [MainThread]: Connection 'master' was properly closed.
[0m04:04:20.415394 [debug] [MainThread]: Connection 'create_analytics_main' was properly closed.
[0m04:04:20.415489 [debug] [MainThread]: Connection 'list_analytics_main' was properly closed.
[0m04:04:20.415567 [debug] [MainThread]: Connection 'model.ecomm_analytics.stg_orders' was properly closed.
[0m04:04:20.415669 [info ] [MainThread]: 
[0m04:04:20.415805 [info ] [MainThread]: Finished running 1 table model in 0 hours 0 minutes and 0.06 seconds (0.06s).
[0m04:04:20.416092 [debug] [MainThread]: Command end result
[0m04:04:20.419238 [info ] [MainThread]: 
[0m04:04:20.419492 [info ] [MainThread]: [31mCompleted with 1 error and 0 warnings:[0m
[0m04:04:20.419651 [info ] [MainThread]: 
[0m04:04:20.419842 [error] [MainThread]:   Runtime Error in model stg_orders (models/staging/stg_orders.sql)
  Binder Error: Referenced column "order_estimated_delivery_time" not found in FROM clause!
  Candidate bindings: "orders.order_estimated_delivery_date"
  LINE 37:     , order_estimated_delivery_time
                 ^
[0m04:04:20.420016 [info ] [MainThread]: 
[0m04:04:20.420225 [info ] [MainThread]: Done. PASS=0 WARN=0 ERROR=1 SKIP=0 TOTAL=1
[0m04:04:20.420598 [debug] [MainThread]: Resource report: {"command_name": "run", "command_wall_clock_time": 0.16292179, "process_user_time": 0.662401, "process_kernel_time": 0.029105, "process_mem_max_rss": "156352", "process_out_blocks": "1578", "command_success": false, "process_in_blocks": "0"}
[0m04:04:20.420757 [debug] [MainThread]: Command `dbt run` failed at 04:04:20.420724 after 0.16 seconds
[0m04:04:20.420890 [debug] [MainThread]: Sending event: {'category': 'dbt', 'action': 'invocation', 'label': 'end', 'context': [<snowplow_tracker.self_describing_json.SelfDescribingJson object at 0xffff98f40550>, <snowplow_tracker.self_describing_json.SelfDescribingJson object at 0xffff93cf3550>, <snowplow_tracker.self_describing_json.SelfDescribingJson object at 0xffff93cf3c50>]}
[0m04:04:20.421017 [debug] [MainThread]: Flushing usage events
[0m04:04:43.112245 [debug] [MainThread]: Sending event: {'category': 'dbt', 'action': 'invocation', 'label': 'start', 'context': [<snowplow_tracker.self_describing_json.SelfDescribingJson object at 0xffff8f2cb7d0>, <snowplow_tracker.self_describing_json.SelfDescribingJson object at 0xffff8fedd750>, <snowplow_tracker.self_describing_json.SelfDescribingJson object at 0xffff8f2cb890>]}


============================== 04:04:43.113244 | a47f2209-2fbc-41a7-b133-161b53011826 ==============================
[0m04:04:43.113244 [info ] [MainThread]: Running with dbt=1.7.19
[0m04:04:43.113522 [debug] [MainThread]: running dbt with arguments {'printer_width': '80', 'indirect_selection': 'eager', 'write_json': 'True', 'log_cache_events': 'False', 'partial_parse': 'True', 'cache_selected_only': 'False', 'profiles_dir': '/app/dbt_project', 'debug': 'False', 'warn_error': 'None', 'log_path': '/app/dbt_project/logs', 'fail_fast': 'False', 'version_check': 'True', 'use_colors': 'True', 'use_experimental_parser': 'False', 'no_print': 'None', 'quiet': 'False', 'warn_error_options': 'WarnErrorOptions(include=[], exclude=[])', 'introspect': 'True', 'static_parser': 'True', 'log_format': 'default', 'target_path': 'None', 'invocation_command': 'dbt run -s stg_orders', 'send_anonymous_usage_stats': 'True'}
[0m04:04:43.162232 [debug] [MainThread]: Sending event: {'category': 'dbt', 'action': 'project_id', 'label': 'a47f2209-2fbc-41a7-b133-161b53011826', 'context': [<snowplow_tracker.self_describing_json.SelfDescribingJson object at 0xffff8f15cf10>]}
[0m04:04:43.177352 [debug] [MainThread]: Sending event: {'category': 'dbt', 'action': 'adapter_info', 'label': 'a47f2209-2fbc-41a7-b133-161b53011826', 'context': [<snowplow_tracker.self_describing_json.SelfDescribingJson object at 0xffff8c4eec50>]}
[0m04:04:43.177599 [info ] [MainThread]: Registered adapter: duckdb=1.7.3
[0m04:04:43.180026 [debug] [MainThread]: checksum: a8d43cdff37d0f32d7fbe4c5c25bea4bb6c86e162f8ce8fdb1a38cdcf7495431, vars: {}, profile: , target: , version: 1.7.19
[0m04:04:43.188474 [debug] [MainThread]: Partial parsing enabled: 0 files deleted, 0 files added, 1 files changed.
[0m04:04:43.188690 [debug] [MainThread]: Partial parsing: updated file: ecomm_analytics://models/staging/stg_orders.sql
[0m04:04:43.226969 [debug] [MainThread]: Sending event: {'category': 'dbt', 'action': 'load_project', 'label': 'a47f2209-2fbc-41a7-b133-161b53011826', 'context': [<snowplow_tracker.self_describing_json.SelfDescribingJson object at 0xffff876977d0>]}
[0m04:04:43.230443 [debug] [MainThread]: Sending event: {'category': 'dbt', 'action': 'resource_counts', 'label': 'a47f2209-2fbc-41a7-b133-161b53011826', 'context': [<snowplow_tracker.self_describing_json.SelfDescribingJson object at 0xffff87960250>]}
[0m04:04:43.230674 [info ] [MainThread]: Found 2 models, 9 sources, 0 exposures, 0 metrics, 392 macros, 0 groups, 0 semantic models
[0m04:04:43.230833 [debug] [MainThread]: Sending event: {'category': 'dbt', 'action': 'runnable_timing', 'label': 'a47f2209-2fbc-41a7-b133-161b53011826', 'context': [<snowplow_tracker.self_describing_json.SelfDescribingJson object at 0xffff8796cf10>]}
[0m04:04:43.231433 [info ] [MainThread]: 
[0m04:04:43.231746 [debug] [MainThread]: Acquiring new duckdb connection 'master'
[0m04:04:43.232143 [debug] [ThreadPool]: Acquiring new duckdb connection 'list_analytics'
[0m04:04:43.235650 [debug] [ThreadPool]: Using duckdb connection "list_analytics"
[0m04:04:43.235783 [debug] [ThreadPool]: On list_analytics: /* {"app": "dbt", "dbt_version": "1.7.19", "profile_name": "ecomm", "target_name": "dev", "connection_name": "list_analytics"} */

    
    select schema_name
    from system.information_schema.schemata
    
    where catalog_name = '"analytics"'
    
  
  
[0m04:04:43.235902 [debug] [ThreadPool]: Opening a new connection, currently in state init
[0m04:04:43.240023 [debug] [ThreadPool]: SQL status: OK in 0.0 seconds
[0m04:04:43.240485 [debug] [ThreadPool]: On list_analytics: Close
[0m04:04:43.241528 [debug] [ThreadPool]: Re-using an available connection from the pool (formerly list_analytics, now create_analytics_main)
[0m04:04:43.241756 [debug] [ThreadPool]: Creating schema "database: "analytics"
schema: "main"
"
[0m04:04:43.243726 [debug] [ThreadPool]: Using duckdb connection "create_analytics_main"
[0m04:04:43.243860 [debug] [ThreadPool]: On create_analytics_main: /* {"app": "dbt", "dbt_version": "1.7.19", "profile_name": "ecomm", "target_name": "dev", "connection_name": "create_analytics_main"} */

    
        select type from duckdb_databases()
        where database_name='analytics'
        and type='sqlite'
    
  
[0m04:04:43.243973 [debug] [ThreadPool]: Opening a new connection, currently in state closed
[0m04:04:43.246684 [debug] [ThreadPool]: SQL status: OK in 0.0 seconds
[0m04:04:43.247085 [debug] [ThreadPool]: Using duckdb connection "create_analytics_main"
[0m04:04:43.247198 [debug] [ThreadPool]: On create_analytics_main: BEGIN
[0m04:04:43.247347 [debug] [ThreadPool]: SQL status: OK in 0.0 seconds
[0m04:04:43.247491 [debug] [ThreadPool]: Using duckdb connection "create_analytics_main"
[0m04:04:43.247609 [debug] [ThreadPool]: On create_analytics_main: /* {"app": "dbt", "dbt_version": "1.7.19", "profile_name": "ecomm", "target_name": "dev", "connection_name": "create_analytics_main"} */

    
    
        create schema if not exists "analytics"."main"
    
[0m04:04:43.247751 [debug] [ThreadPool]: SQL status: OK in 0.0 seconds
[0m04:04:43.248003 [debug] [ThreadPool]: On create_analytics_main: COMMIT
[0m04:04:43.248103 [debug] [ThreadPool]: Using duckdb connection "create_analytics_main"
[0m04:04:43.248196 [debug] [ThreadPool]: On create_analytics_main: COMMIT
[0m04:04:43.248328 [debug] [ThreadPool]: SQL status: OK in 0.0 seconds
[0m04:04:43.248429 [debug] [ThreadPool]: On create_analytics_main: Close
[0m04:04:43.249501 [debug] [ThreadPool]: Re-using an available connection from the pool (formerly create_analytics_main, now list_analytics_main)
[0m04:04:43.251149 [debug] [ThreadPool]: Using duckdb connection "list_analytics_main"
[0m04:04:43.251290 [debug] [ThreadPool]: On list_analytics_main: BEGIN
[0m04:04:43.251384 [debug] [ThreadPool]: Opening a new connection, currently in state closed
[0m04:04:43.254055 [debug] [ThreadPool]: SQL status: OK in 0.0 seconds
[0m04:04:43.254179 [debug] [ThreadPool]: Using duckdb connection "list_analytics_main"
[0m04:04:43.254318 [debug] [ThreadPool]: On list_analytics_main: /* {"app": "dbt", "dbt_version": "1.7.19", "profile_name": "ecomm", "target_name": "dev", "connection_name": "list_analytics_main"} */
select
      'analytics' as database,
      table_name as name,
      table_schema as schema,
      CASE table_type
        WHEN 'BASE TABLE' THEN 'table'
        WHEN 'VIEW' THEN 'view'
        WHEN 'LOCAL TEMPORARY' THEN 'table'
        END as type
    from system.information_schema.tables
    where table_schema = 'main'
    and table_catalog = 'analytics'
  
[0m04:04:43.259929 [debug] [ThreadPool]: SQL status: OK in 0.0 seconds
[0m04:04:43.261389 [debug] [ThreadPool]: On list_analytics_main: ROLLBACK
[0m04:04:43.261658 [debug] [ThreadPool]: Failed to rollback 'list_analytics_main'
[0m04:04:43.261783 [debug] [ThreadPool]: On list_analytics_main: Close
[0m04:04:43.262789 [debug] [MainThread]: Sending event: {'category': 'dbt', 'action': 'runnable_timing', 'label': 'a47f2209-2fbc-41a7-b133-161b53011826', 'context': [<snowplow_tracker.self_describing_json.SelfDescribingJson object at 0xffff8f2d1450>]}
[0m04:04:43.262955 [debug] [MainThread]: Using duckdb connection "master"
[0m04:04:43.263070 [debug] [MainThread]: On master: BEGIN
[0m04:04:43.263188 [debug] [MainThread]: Opening a new connection, currently in state init
[0m04:04:43.265741 [debug] [MainThread]: SQL status: OK in 0.0 seconds
[0m04:04:43.265872 [debug] [MainThread]: On master: COMMIT
[0m04:04:43.265987 [debug] [MainThread]: Using duckdb connection "master"
[0m04:04:43.266081 [debug] [MainThread]: On master: COMMIT
[0m04:04:43.266200 [debug] [MainThread]: SQL status: OK in 0.0 seconds
[0m04:04:43.266325 [debug] [MainThread]: On master: Close
[0m04:04:43.266894 [info ] [MainThread]: Concurrency: 4 threads (target='dev')
[0m04:04:43.267056 [info ] [MainThread]: 
[0m04:04:43.268245 [debug] [Thread-1 (]: Began running node model.ecomm_analytics.stg_orders
[0m04:04:43.268458 [info ] [Thread-1 (]: 1 of 1 START sql table model main.stg_orders ................................... [RUN]
[0m04:04:43.268775 [debug] [Thread-1 (]: Acquiring new duckdb connection 'model.ecomm_analytics.stg_orders'
[0m04:04:43.268912 [debug] [Thread-1 (]: Began compiling node model.ecomm_analytics.stg_orders
[0m04:04:43.271665 [debug] [Thread-1 (]: Writing injected SQL for node "model.ecomm_analytics.stg_orders"
[0m04:04:43.272085 [debug] [Thread-1 (]: Timing info for model.ecomm_analytics.stg_orders (compile): 04:04:43.269010 => 04:04:43.272013
[0m04:04:43.272203 [debug] [Thread-1 (]: Began executing node model.ecomm_analytics.stg_orders
[0m04:04:43.282194 [debug] [Thread-1 (]: Writing runtime sql for node "model.ecomm_analytics.stg_orders"
[0m04:04:43.282557 [debug] [Thread-1 (]: Using duckdb connection "model.ecomm_analytics.stg_orders"
[0m04:04:43.282685 [debug] [Thread-1 (]: On model.ecomm_analytics.stg_orders: BEGIN
[0m04:04:43.282804 [debug] [Thread-1 (]: Opening a new connection, currently in state init
[0m04:04:43.286025 [debug] [Thread-1 (]: SQL status: OK in 0.0 seconds
[0m04:04:43.286161 [debug] [Thread-1 (]: Using duckdb connection "model.ecomm_analytics.stg_orders"
[0m04:04:43.286310 [debug] [Thread-1 (]: On model.ecomm_analytics.stg_orders: /* {"app": "dbt", "dbt_version": "1.7.19", "profile_name": "ecomm", "target_name": "dev", "node_id": "model.ecomm_analytics.stg_orders"} */

  
    
    

    create  table
      "analytics"."main"."stg_orders__dbt_tmp"
  
    as (
      

select
    order_id
    , customer_id
    , order_status
    , order_purchase_timestamp
    , 
    -- Assume the input timestamp is America/Sao_Paulo and convert to target timezone
    (order_purchase_timestamp::TIMESTAMP AT TIME ZONE 'America/Sao_Paulo' AT TIME ZONE 'America/New_York')
 as order_purchase_timestamp_et
    , order_approved_at
    , 
    -- Assume the input timestamp is America/Sao_Paulo and convert to target timezone
    (order_approved_at::TIMESTAMP AT TIME ZONE 'America/Sao_Paulo' AT TIME ZONE 'America/New_York')
 as order_approved_at_et
    , order_delivered_carrier_date
    , 
    -- Assume the input timestamp is America/Sao_Paulo and convert to target timezone
    (order_delivered_carrier_date::TIMESTAMP AT TIME ZONE 'America/Sao_Paulo' AT TIME ZONE 'America/New_York')
 as order_delivered_carrier_date_et
    , order_delivered_customer_date
    , 
    -- Assume the input timestamp is America/Sao_Paulo and convert to target timezone
    (order_delivered_customer_date::TIMESTAMP AT TIME ZONE 'America/Sao_Paulo' AT TIME ZONE 'America/New_York')
 as order_delivered_customer_date_et
    , order_estimated_delivery_date
    , 
    -- Assume the input timestamp is America/Sao_Paulo and convert to target timezone
    (order_estimated_delivery_date::TIMESTAMP AT TIME ZONE 'America/Sao_Paulo' AT TIME ZONE 'America/New_York')
 as order_estimated_delivery_date_et

from "analytics"."raw"."orders"
    );
  
  
[0m04:04:43.418098 [debug] [Thread-1 (]: SQL status: OK in 0.0 seconds
[0m04:04:43.420255 [debug] [Thread-1 (]: Using duckdb connection "model.ecomm_analytics.stg_orders"
[0m04:04:43.420442 [debug] [Thread-1 (]: On model.ecomm_analytics.stg_orders: /* {"app": "dbt", "dbt_version": "1.7.19", "profile_name": "ecomm", "target_name": "dev", "node_id": "model.ecomm_analytics.stg_orders"} */
alter table "analytics"."main"."stg_orders" rename to "stg_orders__dbt_backup"
[0m04:04:43.420701 [debug] [Thread-1 (]: SQL status: OK in 0.0 seconds
[0m04:04:43.421645 [debug] [Thread-1 (]: Using duckdb connection "model.ecomm_analytics.stg_orders"
[0m04:04:43.421779 [debug] [Thread-1 (]: On model.ecomm_analytics.stg_orders: /* {"app": "dbt", "dbt_version": "1.7.19", "profile_name": "ecomm", "target_name": "dev", "node_id": "model.ecomm_analytics.stg_orders"} */
alter table "analytics"."main"."stg_orders__dbt_tmp" rename to "stg_orders"
[0m04:04:43.421972 [debug] [Thread-1 (]: SQL status: OK in 0.0 seconds
[0m04:04:43.427774 [debug] [Thread-1 (]: On model.ecomm_analytics.stg_orders: COMMIT
[0m04:04:43.427917 [debug] [Thread-1 (]: Using duckdb connection "model.ecomm_analytics.stg_orders"
[0m04:04:43.428055 [debug] [Thread-1 (]: On model.ecomm_analytics.stg_orders: COMMIT
[0m04:04:43.498829 [debug] [Thread-1 (]: SQL status: OK in 0.0 seconds
[0m04:04:43.500530 [debug] [Thread-1 (]: Using duckdb connection "model.ecomm_analytics.stg_orders"
[0m04:04:43.500668 [debug] [Thread-1 (]: On model.ecomm_analytics.stg_orders: /* {"app": "dbt", "dbt_version": "1.7.19", "profile_name": "ecomm", "target_name": "dev", "node_id": "model.ecomm_analytics.stg_orders"} */
drop table if exists "analytics"."main"."stg_orders__dbt_backup" cascade
[0m04:04:43.501055 [debug] [Thread-1 (]: SQL status: OK in 0.0 seconds
[0m04:04:43.501571 [debug] [Thread-1 (]: Timing info for model.ecomm_analytics.stg_orders (execute): 04:04:43.272302 => 04:04:43.501512
[0m04:04:43.501714 [debug] [Thread-1 (]: On model.ecomm_analytics.stg_orders: Close
[0m04:04:43.560089 [debug] [Thread-1 (]: Sending event: {'category': 'dbt', 'action': 'run_model', 'label': 'a47f2209-2fbc-41a7-b133-161b53011826', 'context': [<snowplow_tracker.self_describing_json.SelfDescribingJson object at 0xffff8f16e090>]}
[0m04:04:43.560375 [info ] [Thread-1 (]: 1 of 1 OK created sql table model main.stg_orders .............................. [[32mOK[0m in 0.29s]
[0m04:04:43.560637 [debug] [Thread-1 (]: Finished running node model.ecomm_analytics.stg_orders
[0m04:04:43.561379 [debug] [MainThread]: Using duckdb connection "master"
[0m04:04:43.561534 [debug] [MainThread]: On master: BEGIN
[0m04:04:43.561647 [debug] [MainThread]: Opening a new connection, currently in state closed
[0m04:04:43.564517 [debug] [MainThread]: SQL status: OK in 0.0 seconds
[0m04:04:43.564643 [debug] [MainThread]: On master: COMMIT
[0m04:04:43.564761 [debug] [MainThread]: Using duckdb connection "master"
[0m04:04:43.564856 [debug] [MainThread]: On master: COMMIT
[0m04:04:43.564976 [debug] [MainThread]: SQL status: OK in 0.0 seconds
[0m04:04:43.565077 [debug] [MainThread]: On master: Close
[0m04:04:43.565700 [debug] [MainThread]: Connection 'master' was properly closed.
[0m04:04:43.565819 [debug] [MainThread]: Connection 'list_analytics_main' was properly closed.
[0m04:04:43.565911 [debug] [MainThread]: Connection 'model.ecomm_analytics.stg_orders' was properly closed.
[0m04:04:43.566018 [info ] [MainThread]: 
[0m04:04:43.566138 [info ] [MainThread]: Finished running 1 table model in 0 hours 0 minutes and 0.33 seconds (0.33s).
[0m04:04:43.566425 [debug] [MainThread]: Command end result
[0m04:04:43.569361 [info ] [MainThread]: 
[0m04:04:43.569544 [info ] [MainThread]: [32mCompleted successfully[0m
[0m04:04:43.569749 [info ] [MainThread]: 
[0m04:04:43.569925 [info ] [MainThread]: Done. PASS=1 WARN=0 ERROR=0 SKIP=0 TOTAL=1
[0m04:04:43.570302 [debug] [MainThread]: Resource report: {"command_name": "run", "command_success": true, "command_wall_clock_time": 0.469314, "process_user_time": 0.996456, "process_kernel_time": 0.05154, "process_mem_max_rss": "219396", "process_out_blocks": "53293", "process_in_blocks": "0"}
[0m04:04:43.570506 [debug] [MainThread]: Command `dbt run` succeeded at 04:04:43.570468 after 0.47 seconds
[0m04:04:43.570647 [debug] [MainThread]: Sending event: {'category': 'dbt', 'action': 'invocation', 'label': 'end', 'context': [<snowplow_tracker.self_describing_json.SelfDescribingJson object at 0xffff8f31d950>, <snowplow_tracker.self_describing_json.SelfDescribingJson object at 0xffff906ebcd0>, <snowplow_tracker.self_describing_json.SelfDescribingJson object at 0xffff8f2c3450>]}
[0m04:04:43.570782 [debug] [MainThread]: Flushing usage events
[0m04:05:56.341852 [debug] [MainThread]: Sending event: {'category': 'dbt', 'action': 'invocation', 'label': 'start', 'context': [<snowplow_tracker.self_describing_json.SelfDescribingJson object at 0xffff86cb9610>, <snowplow_tracker.self_describing_json.SelfDescribingJson object at 0xffff86fbbb90>, <snowplow_tracker.self_describing_json.SelfDescribingJson object at 0xffff86cbac10>]}


============================== 04:05:56.342936 | 641a97ec-e052-4b73-ac98-95be6707a771 ==============================
[0m04:05:56.342936 [info ] [MainThread]: Running with dbt=1.7.19
[0m04:05:56.343268 [debug] [MainThread]: running dbt with arguments {'printer_width': '80', 'indirect_selection': 'eager', 'log_cache_events': 'False', 'write_json': 'True', 'partial_parse': 'True', 'cache_selected_only': 'False', 'profiles_dir': '/app/dbt_project', 'fail_fast': 'False', 'version_check': 'True', 'log_path': '/app/dbt_project/logs', 'warn_error': 'None', 'debug': 'False', 'use_colors': 'True', 'use_experimental_parser': 'False', 'no_print': 'None', 'quiet': 'False', 'warn_error_options': 'WarnErrorOptions(include=[], exclude=[])', 'invocation_command': 'dbt run -s stg_orders', 'static_parser': 'True', 'introspect': 'True', 'target_path': 'None', 'log_format': 'default', 'send_anonymous_usage_stats': 'True'}
[0m04:05:56.391447 [debug] [MainThread]: Sending event: {'category': 'dbt', 'action': 'project_id', 'label': '641a97ec-e052-4b73-ac98-95be6707a771', 'context': [<snowplow_tracker.self_describing_json.SelfDescribingJson object at 0xffff86d10f10>]}
[0m04:05:56.407010 [debug] [MainThread]: Sending event: {'category': 'dbt', 'action': 'adapter_info', 'label': '641a97ec-e052-4b73-ac98-95be6707a771', 'context': [<snowplow_tracker.self_describing_json.SelfDescribingJson object at 0xffff86cc1090>]}
[0m04:05:56.407259 [info ] [MainThread]: Registered adapter: duckdb=1.7.3
[0m04:05:56.409662 [debug] [MainThread]: checksum: a8d43cdff37d0f32d7fbe4c5c25bea4bb6c86e162f8ce8fdb1a38cdcf7495431, vars: {}, profile: , target: , version: 1.7.19
[0m04:05:56.418628 [debug] [MainThread]: Partial parsing enabled: 0 files deleted, 0 files added, 1 files changed.
[0m04:05:56.418836 [debug] [MainThread]: Partial parsing: updated file: ecomm_analytics://models/staging/stg_orders.sql
[0m04:05:56.455228 [debug] [MainThread]: Sending event: {'category': 'dbt', 'action': 'load_project', 'label': '641a97ec-e052-4b73-ac98-95be6707a771', 'context': [<snowplow_tracker.self_describing_json.SelfDescribingJson object at 0xffff83e64350>]}
[0m04:05:56.458729 [debug] [MainThread]: Sending event: {'category': 'dbt', 'action': 'resource_counts', 'label': '641a97ec-e052-4b73-ac98-95be6707a771', 'context': [<snowplow_tracker.self_describing_json.SelfDescribingJson object at 0xffff7f0b5090>]}
[0m04:05:56.458895 [info ] [MainThread]: Found 2 models, 9 sources, 0 exposures, 0 metrics, 392 macros, 0 groups, 0 semantic models
[0m04:05:56.459039 [debug] [MainThread]: Sending event: {'category': 'dbt', 'action': 'runnable_timing', 'label': '641a97ec-e052-4b73-ac98-95be6707a771', 'context': [<snowplow_tracker.self_describing_json.SelfDescribingJson object at 0xffff7f1fc350>]}
[0m04:05:56.459586 [info ] [MainThread]: 
[0m04:05:56.459949 [debug] [MainThread]: Acquiring new duckdb connection 'master'
[0m04:05:56.460375 [debug] [ThreadPool]: Acquiring new duckdb connection 'list_analytics'
[0m04:05:56.463971 [debug] [ThreadPool]: Using duckdb connection "list_analytics"
[0m04:05:56.464122 [debug] [ThreadPool]: On list_analytics: /* {"app": "dbt", "dbt_version": "1.7.19", "profile_name": "ecomm", "target_name": "dev", "connection_name": "list_analytics"} */

    
    select schema_name
    from system.information_schema.schemata
    
    where catalog_name = '"analytics"'
    
  
  
[0m04:05:56.464257 [debug] [ThreadPool]: Opening a new connection, currently in state init
[0m04:05:56.468141 [debug] [ThreadPool]: SQL status: OK in 0.0 seconds
[0m04:05:56.468623 [debug] [ThreadPool]: On list_analytics: Close
[0m04:05:56.469497 [debug] [ThreadPool]: Re-using an available connection from the pool (formerly list_analytics, now create_analytics_main)
[0m04:05:56.469756 [debug] [ThreadPool]: Creating schema "database: "analytics"
schema: "main"
"
[0m04:05:56.471800 [debug] [ThreadPool]: Using duckdb connection "create_analytics_main"
[0m04:05:56.471933 [debug] [ThreadPool]: On create_analytics_main: /* {"app": "dbt", "dbt_version": "1.7.19", "profile_name": "ecomm", "target_name": "dev", "connection_name": "create_analytics_main"} */

    
        select type from duckdb_databases()
        where database_name='analytics'
        and type='sqlite'
    
  
[0m04:05:56.472054 [debug] [ThreadPool]: Opening a new connection, currently in state closed
[0m04:05:56.474593 [debug] [ThreadPool]: SQL status: OK in 0.0 seconds
[0m04:05:56.474991 [debug] [ThreadPool]: Using duckdb connection "create_analytics_main"
[0m04:05:56.475143 [debug] [ThreadPool]: On create_analytics_main: BEGIN
[0m04:05:56.475302 [debug] [ThreadPool]: SQL status: OK in 0.0 seconds
[0m04:05:56.475413 [debug] [ThreadPool]: Using duckdb connection "create_analytics_main"
[0m04:05:56.475559 [debug] [ThreadPool]: On create_analytics_main: /* {"app": "dbt", "dbt_version": "1.7.19", "profile_name": "ecomm", "target_name": "dev", "connection_name": "create_analytics_main"} */

    
    
        create schema if not exists "analytics"."main"
    
[0m04:05:56.475897 [debug] [ThreadPool]: SQL status: OK in 0.0 seconds
[0m04:05:56.476245 [debug] [ThreadPool]: On create_analytics_main: COMMIT
[0m04:05:56.476369 [debug] [ThreadPool]: Using duckdb connection "create_analytics_main"
[0m04:05:56.476465 [debug] [ThreadPool]: On create_analytics_main: COMMIT
[0m04:05:56.476598 [debug] [ThreadPool]: SQL status: OK in 0.0 seconds
[0m04:05:56.476733 [debug] [ThreadPool]: On create_analytics_main: Close
[0m04:05:56.478032 [debug] [ThreadPool]: Acquiring new duckdb connection 'list_analytics_main'
[0m04:05:56.479714 [debug] [ThreadPool]: Using duckdb connection "list_analytics_main"
[0m04:05:56.479851 [debug] [ThreadPool]: On list_analytics_main: BEGIN
[0m04:05:56.479960 [debug] [ThreadPool]: Opening a new connection, currently in state init
[0m04:05:56.482679 [debug] [ThreadPool]: SQL status: OK in 0.0 seconds
[0m04:05:56.482811 [debug] [ThreadPool]: Using duckdb connection "list_analytics_main"
[0m04:05:56.482941 [debug] [ThreadPool]: On list_analytics_main: /* {"app": "dbt", "dbt_version": "1.7.19", "profile_name": "ecomm", "target_name": "dev", "connection_name": "list_analytics_main"} */
select
      'analytics' as database,
      table_name as name,
      table_schema as schema,
      CASE table_type
        WHEN 'BASE TABLE' THEN 'table'
        WHEN 'VIEW' THEN 'view'
        WHEN 'LOCAL TEMPORARY' THEN 'table'
        END as type
    from system.information_schema.tables
    where table_schema = 'main'
    and table_catalog = 'analytics'
  
[0m04:05:56.488860 [debug] [ThreadPool]: SQL status: OK in 0.0 seconds
[0m04:05:56.490362 [debug] [ThreadPool]: On list_analytics_main: ROLLBACK
[0m04:05:56.490634 [debug] [ThreadPool]: Failed to rollback 'list_analytics_main'
[0m04:05:56.490749 [debug] [ThreadPool]: On list_analytics_main: Close
[0m04:05:56.491626 [debug] [MainThread]: Sending event: {'category': 'dbt', 'action': 'runnable_timing', 'label': '641a97ec-e052-4b73-ac98-95be6707a771', 'context': [<snowplow_tracker.self_describing_json.SelfDescribingJson object at 0xffff7f31edd0>]}
[0m04:05:56.491814 [debug] [MainThread]: Using duckdb connection "master"
[0m04:05:56.491930 [debug] [MainThread]: On master: BEGIN
[0m04:05:56.492053 [debug] [MainThread]: Opening a new connection, currently in state init
[0m04:05:56.494501 [debug] [MainThread]: SQL status: OK in 0.0 seconds
[0m04:05:56.494627 [debug] [MainThread]: On master: COMMIT
[0m04:05:56.494727 [debug] [MainThread]: Using duckdb connection "master"
[0m04:05:56.494817 [debug] [MainThread]: On master: COMMIT
[0m04:05:56.494943 [debug] [MainThread]: SQL status: OK in 0.0 seconds
[0m04:05:56.495070 [debug] [MainThread]: On master: Close
[0m04:05:56.495622 [info ] [MainThread]: Concurrency: 4 threads (target='dev')
[0m04:05:56.495784 [info ] [MainThread]: 
[0m04:05:56.497030 [debug] [Thread-1 (]: Began running node model.ecomm_analytics.stg_orders
[0m04:05:56.497323 [info ] [Thread-1 (]: 1 of 1 START sql table model main.stg_orders ................................... [RUN]
[0m04:05:56.497649 [debug] [Thread-1 (]: Acquiring new duckdb connection 'model.ecomm_analytics.stg_orders'
[0m04:05:56.497787 [debug] [Thread-1 (]: Began compiling node model.ecomm_analytics.stg_orders
[0m04:05:56.500212 [debug] [Thread-1 (]: Writing injected SQL for node "model.ecomm_analytics.stg_orders"
[0m04:05:56.500619 [debug] [Thread-1 (]: Timing info for model.ecomm_analytics.stg_orders (compile): 04:05:56.497884 => 04:05:56.500535
[0m04:05:56.500739 [debug] [Thread-1 (]: Began executing node model.ecomm_analytics.stg_orders
[0m04:05:56.510959 [debug] [Thread-1 (]: Writing runtime sql for node "model.ecomm_analytics.stg_orders"
[0m04:05:56.511407 [debug] [Thread-1 (]: Using duckdb connection "model.ecomm_analytics.stg_orders"
[0m04:05:56.511540 [debug] [Thread-1 (]: On model.ecomm_analytics.stg_orders: BEGIN
[0m04:05:56.511661 [debug] [Thread-1 (]: Opening a new connection, currently in state init
[0m04:05:56.514370 [debug] [Thread-1 (]: SQL status: OK in 0.0 seconds
[0m04:05:56.514507 [debug] [Thread-1 (]: Using duckdb connection "model.ecomm_analytics.stg_orders"
[0m04:05:56.514623 [debug] [Thread-1 (]: On model.ecomm_analytics.stg_orders: /* {"app": "dbt", "dbt_version": "1.7.19", "profile_name": "ecomm", "target_name": "dev", "node_id": "model.ecomm_analytics.stg_orders"} */

  
    
    

    create  table
      "analytics"."main"."stg_orders__dbt_tmp"
  
    as (
      

select
    order_id
    , customer_id
    

from "analytics"."raw"."orders"
    );
  
  
[0m04:05:56.537779 [debug] [Thread-1 (]: SQL status: OK in 0.0 seconds
[0m04:05:56.539926 [debug] [Thread-1 (]: Using duckdb connection "model.ecomm_analytics.stg_orders"
[0m04:05:56.540083 [debug] [Thread-1 (]: On model.ecomm_analytics.stg_orders: /* {"app": "dbt", "dbt_version": "1.7.19", "profile_name": "ecomm", "target_name": "dev", "node_id": "model.ecomm_analytics.stg_orders"} */
alter table "analytics"."main"."stg_orders" rename to "stg_orders__dbt_backup"
[0m04:05:56.540338 [debug] [Thread-1 (]: SQL status: OK in 0.0 seconds
[0m04:05:56.541253 [debug] [Thread-1 (]: Using duckdb connection "model.ecomm_analytics.stg_orders"
[0m04:05:56.541387 [debug] [Thread-1 (]: On model.ecomm_analytics.stg_orders: /* {"app": "dbt", "dbt_version": "1.7.19", "profile_name": "ecomm", "target_name": "dev", "node_id": "model.ecomm_analytics.stg_orders"} */
alter table "analytics"."main"."stg_orders__dbt_tmp" rename to "stg_orders"
[0m04:05:56.541593 [debug] [Thread-1 (]: SQL status: OK in 0.0 seconds
[0m04:05:56.547402 [debug] [Thread-1 (]: On model.ecomm_analytics.stg_orders: COMMIT
[0m04:05:56.547542 [debug] [Thread-1 (]: Using duckdb connection "model.ecomm_analytics.stg_orders"
[0m04:05:56.547652 [debug] [Thread-1 (]: On model.ecomm_analytics.stg_orders: COMMIT
[0m04:05:56.581671 [debug] [Thread-1 (]: SQL status: OK in 0.0 seconds
[0m04:05:56.583370 [debug] [Thread-1 (]: Using duckdb connection "model.ecomm_analytics.stg_orders"
[0m04:05:56.583520 [debug] [Thread-1 (]: On model.ecomm_analytics.stg_orders: /* {"app": "dbt", "dbt_version": "1.7.19", "profile_name": "ecomm", "target_name": "dev", "node_id": "model.ecomm_analytics.stg_orders"} */
drop table if exists "analytics"."main"."stg_orders__dbt_backup" cascade
[0m04:05:56.583951 [debug] [Thread-1 (]: SQL status: OK in 0.0 seconds
[0m04:05:56.584458 [debug] [Thread-1 (]: Timing info for model.ecomm_analytics.stg_orders (execute): 04:05:56.500821 => 04:05:56.584398
[0m04:05:56.584594 [debug] [Thread-1 (]: On model.ecomm_analytics.stg_orders: Close
[0m04:05:56.622524 [debug] [Thread-1 (]: Sending event: {'category': 'dbt', 'action': 'run_model', 'label': '641a97ec-e052-4b73-ac98-95be6707a771', 'context': [<snowplow_tracker.self_describing_json.SelfDescribingJson object at 0xffff83ec1c10>]}
[0m04:05:56.622786 [info ] [Thread-1 (]: 1 of 1 OK created sql table model main.stg_orders .............................. [[32mOK[0m in 0.12s]
[0m04:05:56.623047 [debug] [Thread-1 (]: Finished running node model.ecomm_analytics.stg_orders
[0m04:05:56.623834 [debug] [MainThread]: Using duckdb connection "master"
[0m04:05:56.623984 [debug] [MainThread]: On master: BEGIN
[0m04:05:56.624106 [debug] [MainThread]: Opening a new connection, currently in state closed
[0m04:05:56.627294 [debug] [MainThread]: SQL status: OK in 0.0 seconds
[0m04:05:56.627424 [debug] [MainThread]: On master: COMMIT
[0m04:05:56.627540 [debug] [MainThread]: Using duckdb connection "master"
[0m04:05:56.627645 [debug] [MainThread]: On master: COMMIT
[0m04:05:56.627788 [debug] [MainThread]: SQL status: OK in 0.0 seconds
[0m04:05:56.627889 [debug] [MainThread]: On master: Close
[0m04:05:56.628428 [debug] [MainThread]: Connection 'master' was properly closed.
[0m04:05:56.628547 [debug] [MainThread]: Connection 'create_analytics_main' was properly closed.
[0m04:05:56.628651 [debug] [MainThread]: Connection 'list_analytics_main' was properly closed.
[0m04:05:56.628739 [debug] [MainThread]: Connection 'model.ecomm_analytics.stg_orders' was properly closed.
[0m04:05:56.628844 [info ] [MainThread]: 
[0m04:05:56.628964 [info ] [MainThread]: Finished running 1 table model in 0 hours 0 minutes and 0.17 seconds (0.17s).
[0m04:05:56.629291 [debug] [MainThread]: Command end result
[0m04:05:56.631985 [info ] [MainThread]: 
[0m04:05:56.632192 [info ] [MainThread]: [32mCompleted successfully[0m
[0m04:05:56.632385 [info ] [MainThread]: 
[0m04:05:56.632579 [info ] [MainThread]: Done. PASS=1 WARN=0 ERROR=0 SKIP=0 TOTAL=1
[0m04:05:56.633139 [debug] [MainThread]: Resource report: {"command_name": "run", "command_success": true, "command_wall_clock_time": 0.30259362, "process_user_time": 0.763872, "process_kernel_time": 0.051125, "process_mem_max_rss": "188276", "process_out_blocks": "24371", "process_in_blocks": "0"}
[0m04:05:56.633379 [debug] [MainThread]: Command `dbt run` succeeded at 04:05:56.633330 after 0.30 seconds
[0m04:05:56.633554 [debug] [MainThread]: Sending event: {'category': 'dbt', 'action': 'invocation', 'label': 'end', 'context': [<snowplow_tracker.self_describing_json.SelfDescribingJson object at 0xffff8824be10>, <snowplow_tracker.self_describing_json.SelfDescribingJson object at 0xffff8be625d0>, <snowplow_tracker.self_describing_json.SelfDescribingJson object at 0xffff8bf01110>]}
[0m04:05:56.633726 [debug] [MainThread]: Flushing usage events
[0m04:06:31.000350 [debug] [MainThread]: Sending event: {'category': 'dbt', 'action': 'invocation', 'label': 'start', 'context': [<snowplow_tracker.self_describing_json.SelfDescribingJson object at 0xffffb7669790>, <snowplow_tracker.self_describing_json.SelfDescribingJson object at 0xffffb766b3d0>, <snowplow_tracker.self_describing_json.SelfDescribingJson object at 0xffffb7668c50>]}


============================== 04:06:31.001384 | 8fba9581-792b-4869-8467-ffe3b17d6438 ==============================
[0m04:06:31.001384 [info ] [MainThread]: Running with dbt=1.7.19
[0m04:06:31.001690 [debug] [MainThread]: running dbt with arguments {'printer_width': '80', 'indirect_selection': 'eager', 'write_json': 'True', 'log_cache_events': 'False', 'partial_parse': 'True', 'cache_selected_only': 'False', 'profiles_dir': '/app/dbt_project', 'version_check': 'True', 'warn_error': 'None', 'log_path': '/app/dbt_project/logs', 'debug': 'False', 'fail_fast': 'False', 'use_colors': 'True', 'use_experimental_parser': 'False', 'no_print': 'None', 'quiet': 'False', 'log_format': 'default', 'static_parser': 'True', 'warn_error_options': 'WarnErrorOptions(include=[], exclude=[])', 'introspect': 'True', 'target_path': 'None', 'invocation_command': 'dbt run -s stg_orders', 'send_anonymous_usage_stats': 'True'}
[0m04:06:31.050256 [debug] [MainThread]: Sending event: {'category': 'dbt', 'action': 'project_id', 'label': '8fba9581-792b-4869-8467-ffe3b17d6438', 'context': [<snowplow_tracker.self_describing_json.SelfDescribingJson object at 0xffffb74ff9d0>]}
[0m04:06:31.065578 [debug] [MainThread]: Sending event: {'category': 'dbt', 'action': 'adapter_info', 'label': '8fba9581-792b-4869-8467-ffe3b17d6438', 'context': [<snowplow_tracker.self_describing_json.SelfDescribingJson object at 0xffffb4844f50>]}
[0m04:06:31.065853 [info ] [MainThread]: Registered adapter: duckdb=1.7.3
[0m04:06:31.068238 [debug] [MainThread]: checksum: a8d43cdff37d0f32d7fbe4c5c25bea4bb6c86e162f8ce8fdb1a38cdcf7495431, vars: {}, profile: , target: , version: 1.7.19
[0m04:06:31.081541 [debug] [MainThread]: Partial parsing enabled: 0 files deleted, 0 files added, 1 files changed.
[0m04:06:31.081749 [debug] [MainThread]: Partial parsing: updated file: ecomm_analytics://models/staging/stg_orders.sql
[0m04:06:31.119832 [debug] [MainThread]: Sending event: {'category': 'dbt', 'action': 'load_project', 'label': '8fba9581-792b-4869-8467-ffe3b17d6438', 'context': [<snowplow_tracker.self_describing_json.SelfDescribingJson object at 0xffffb7515f50>]}
[0m04:06:31.123353 [debug] [MainThread]: Sending event: {'category': 'dbt', 'action': 'resource_counts', 'label': '8fba9581-792b-4869-8467-ffe3b17d6438', 'context': [<snowplow_tracker.self_describing_json.SelfDescribingJson object at 0xffffb76718d0>]}
[0m04:06:31.123530 [info ] [MainThread]: Found 2 models, 9 sources, 0 exposures, 0 metrics, 392 macros, 0 groups, 0 semantic models
[0m04:06:31.123682 [debug] [MainThread]: Sending event: {'category': 'dbt', 'action': 'runnable_timing', 'label': '8fba9581-792b-4869-8467-ffe3b17d6438', 'context': [<snowplow_tracker.self_describing_json.SelfDescribingJson object at 0xffffafd2c090>]}
[0m04:06:31.124234 [info ] [MainThread]: 
[0m04:06:31.124586 [debug] [MainThread]: Acquiring new duckdb connection 'master'
[0m04:06:31.125014 [debug] [ThreadPool]: Acquiring new duckdb connection 'list_analytics'
[0m04:06:31.128427 [debug] [ThreadPool]: Using duckdb connection "list_analytics"
[0m04:06:31.128574 [debug] [ThreadPool]: On list_analytics: /* {"app": "dbt", "dbt_version": "1.7.19", "profile_name": "ecomm", "target_name": "dev", "connection_name": "list_analytics"} */

    
    select schema_name
    from system.information_schema.schemata
    
    where catalog_name = '"analytics"'
    
  
  
[0m04:06:31.128724 [debug] [ThreadPool]: Opening a new connection, currently in state init
[0m04:06:31.132718 [debug] [ThreadPool]: SQL status: OK in 0.0 seconds
[0m04:06:31.133172 [debug] [ThreadPool]: On list_analytics: Close
[0m04:06:31.134106 [debug] [ThreadPool]: Re-using an available connection from the pool (formerly list_analytics, now create_analytics_main)
[0m04:06:31.134350 [debug] [ThreadPool]: Creating schema "database: "analytics"
schema: "main"
"
[0m04:06:31.136364 [debug] [ThreadPool]: Using duckdb connection "create_analytics_main"
[0m04:06:31.136501 [debug] [ThreadPool]: On create_analytics_main: /* {"app": "dbt", "dbt_version": "1.7.19", "profile_name": "ecomm", "target_name": "dev", "connection_name": "create_analytics_main"} */

    
        select type from duckdb_databases()
        where database_name='analytics'
        and type='sqlite'
    
  
[0m04:06:31.136607 [debug] [ThreadPool]: Opening a new connection, currently in state closed
[0m04:06:31.139245 [debug] [ThreadPool]: SQL status: OK in 0.0 seconds
[0m04:06:31.139718 [debug] [ThreadPool]: Using duckdb connection "create_analytics_main"
[0m04:06:31.139844 [debug] [ThreadPool]: On create_analytics_main: BEGIN
[0m04:06:31.139981 [debug] [ThreadPool]: SQL status: OK in 0.0 seconds
[0m04:06:31.140088 [debug] [ThreadPool]: Using duckdb connection "create_analytics_main"
[0m04:06:31.140185 [debug] [ThreadPool]: On create_analytics_main: /* {"app": "dbt", "dbt_version": "1.7.19", "profile_name": "ecomm", "target_name": "dev", "connection_name": "create_analytics_main"} */

    
    
        create schema if not exists "analytics"."main"
    
[0m04:06:31.140329 [debug] [ThreadPool]: SQL status: OK in 0.0 seconds
[0m04:06:31.140630 [debug] [ThreadPool]: On create_analytics_main: COMMIT
[0m04:06:31.140774 [debug] [ThreadPool]: Using duckdb connection "create_analytics_main"
[0m04:06:31.140869 [debug] [ThreadPool]: On create_analytics_main: COMMIT
[0m04:06:31.140995 [debug] [ThreadPool]: SQL status: OK in 0.0 seconds
[0m04:06:31.141116 [debug] [ThreadPool]: On create_analytics_main: Close
[0m04:06:31.142244 [debug] [ThreadPool]: Acquiring new duckdb connection 'list_analytics_main'
[0m04:06:31.143943 [debug] [ThreadPool]: Using duckdb connection "list_analytics_main"
[0m04:06:31.144068 [debug] [ThreadPool]: On list_analytics_main: BEGIN
[0m04:06:31.144160 [debug] [ThreadPool]: Opening a new connection, currently in state init
[0m04:06:31.147054 [debug] [ThreadPool]: SQL status: OK in 0.0 seconds
[0m04:06:31.147195 [debug] [ThreadPool]: Using duckdb connection "list_analytics_main"
[0m04:06:31.147328 [debug] [ThreadPool]: On list_analytics_main: /* {"app": "dbt", "dbt_version": "1.7.19", "profile_name": "ecomm", "target_name": "dev", "connection_name": "list_analytics_main"} */
select
      'analytics' as database,
      table_name as name,
      table_schema as schema,
      CASE table_type
        WHEN 'BASE TABLE' THEN 'table'
        WHEN 'VIEW' THEN 'view'
        WHEN 'LOCAL TEMPORARY' THEN 'table'
        END as type
    from system.information_schema.tables
    where table_schema = 'main'
    and table_catalog = 'analytics'
  
[0m04:06:31.152974 [debug] [ThreadPool]: SQL status: OK in 0.0 seconds
[0m04:06:31.154420 [debug] [ThreadPool]: On list_analytics_main: ROLLBACK
[0m04:06:31.154733 [debug] [ThreadPool]: Failed to rollback 'list_analytics_main'
[0m04:06:31.154863 [debug] [ThreadPool]: On list_analytics_main: Close
[0m04:06:31.155799 [debug] [MainThread]: Sending event: {'category': 'dbt', 'action': 'runnable_timing', 'label': '8fba9581-792b-4869-8467-ffe3b17d6438', 'context': [<snowplow_tracker.self_describing_json.SelfDescribingJson object at 0xffffafd0c410>]}
[0m04:06:31.155968 [debug] [MainThread]: Using duckdb connection "master"
[0m04:06:31.156078 [debug] [MainThread]: On master: BEGIN
[0m04:06:31.156182 [debug] [MainThread]: Opening a new connection, currently in state init
[0m04:06:31.158680 [debug] [MainThread]: SQL status: OK in 0.0 seconds
[0m04:06:31.158808 [debug] [MainThread]: On master: COMMIT
[0m04:06:31.158907 [debug] [MainThread]: Using duckdb connection "master"
[0m04:06:31.159002 [debug] [MainThread]: On master: COMMIT
[0m04:06:31.159122 [debug] [MainThread]: SQL status: OK in 0.0 seconds
[0m04:06:31.159240 [debug] [MainThread]: On master: Close
[0m04:06:31.159812 [info ] [MainThread]: Concurrency: 4 threads (target='dev')
[0m04:06:31.159989 [info ] [MainThread]: 
[0m04:06:31.161234 [debug] [Thread-1 (]: Began running node model.ecomm_analytics.stg_orders
[0m04:06:31.161440 [info ] [Thread-1 (]: 1 of 1 START sql table model main.stg_orders ................................... [RUN]
[0m04:06:31.161784 [debug] [Thread-1 (]: Acquiring new duckdb connection 'model.ecomm_analytics.stg_orders'
[0m04:06:31.161930 [debug] [Thread-1 (]: Began compiling node model.ecomm_analytics.stg_orders
[0m04:06:31.164669 [debug] [Thread-1 (]: Writing injected SQL for node "model.ecomm_analytics.stg_orders"
[0m04:06:31.165172 [debug] [Thread-1 (]: Timing info for model.ecomm_analytics.stg_orders (compile): 04:06:31.162026 => 04:06:31.165092
[0m04:06:31.165322 [debug] [Thread-1 (]: Began executing node model.ecomm_analytics.stg_orders
[0m04:06:31.175163 [debug] [Thread-1 (]: Writing runtime sql for node "model.ecomm_analytics.stg_orders"
[0m04:06:31.175575 [debug] [Thread-1 (]: Using duckdb connection "model.ecomm_analytics.stg_orders"
[0m04:06:31.175705 [debug] [Thread-1 (]: On model.ecomm_analytics.stg_orders: BEGIN
[0m04:06:31.175861 [debug] [Thread-1 (]: Opening a new connection, currently in state init
[0m04:06:31.178832 [debug] [Thread-1 (]: SQL status: OK in 0.0 seconds
[0m04:06:31.178985 [debug] [Thread-1 (]: Using duckdb connection "model.ecomm_analytics.stg_orders"
[0m04:06:31.179137 [debug] [Thread-1 (]: On model.ecomm_analytics.stg_orders: /* {"app": "dbt", "dbt_version": "1.7.19", "profile_name": "ecomm", "target_name": "dev", "node_id": "model.ecomm_analytics.stg_orders"} */

  
    
    

    create  table
      "analytics"."main"."stg_orders__dbt_tmp"
  
    as (
      

select
    order_id
    , customer_id
    , order_status
    , order_purchase_timestamp
    , 
    -- Assume the input timestamp is America/Sao_Paulo and convert to target timezone
    (order_purchase_timestamp::TIMESTAMP AT TIME ZONE 'America/Sao_Paulo' AT TIME ZONE 'America/New_York')
 as order_purchase_timestamp_et
    , order_approved_at
    , 
    -- Assume the input timestamp is America/Sao_Paulo and convert to target timezone
    (order_approved_at::TIMESTAMP AT TIME ZONE 'America/Sao_Paulo' AT TIME ZONE 'America/New_York')
 as order_approved_at_et
    , order_delivered_carrier_date
    , 
    -- Assume the input timestamp is America/Sao_Paulo and convert to target timezone
    (order_delivered_carrier_date::TIMESTAMP AT TIME ZONE 'America/Sao_Paulo' AT TIME ZONE 'America/New_York')
 as order_delivered_carrier_date_et
    , order_delivered_customer_date
    , 
    -- Assume the input timestamp is America/Sao_Paulo and convert to target timezone
    (order_delivered_customer_date::TIMESTAMP AT TIME ZONE 'America/Sao_Paulo' AT TIME ZONE 'America/New_York')
 as order_delivered_customer_date_et
    , order_estimated_delivery_date
    , 
    -- Assume the input timestamp is America/Sao_Paulo and convert to target timezone
    (order_estimated_delivery_date::TIMESTAMP AT TIME ZONE 'America/Sao_Paulo' AT TIME ZONE 'America/New_York')
 as order_estimated_delivery_date_et

from "analytics"."raw"."orders"
    );
  
  
[0m04:06:31.300310 [debug] [Thread-1 (]: SQL status: OK in 0.0 seconds
[0m04:06:31.302468 [debug] [Thread-1 (]: Using duckdb connection "model.ecomm_analytics.stg_orders"
[0m04:06:31.302636 [debug] [Thread-1 (]: On model.ecomm_analytics.stg_orders: /* {"app": "dbt", "dbt_version": "1.7.19", "profile_name": "ecomm", "target_name": "dev", "node_id": "model.ecomm_analytics.stg_orders"} */
alter table "analytics"."main"."stg_orders" rename to "stg_orders__dbt_backup"
[0m04:06:31.302891 [debug] [Thread-1 (]: SQL status: OK in 0.0 seconds
[0m04:06:31.303772 [debug] [Thread-1 (]: Using duckdb connection "model.ecomm_analytics.stg_orders"
[0m04:06:31.303903 [debug] [Thread-1 (]: On model.ecomm_analytics.stg_orders: /* {"app": "dbt", "dbt_version": "1.7.19", "profile_name": "ecomm", "target_name": "dev", "node_id": "model.ecomm_analytics.stg_orders"} */
alter table "analytics"."main"."stg_orders__dbt_tmp" rename to "stg_orders"
[0m04:06:31.304080 [debug] [Thread-1 (]: SQL status: OK in 0.0 seconds
[0m04:06:31.309758 [debug] [Thread-1 (]: On model.ecomm_analytics.stg_orders: COMMIT
[0m04:06:31.309905 [debug] [Thread-1 (]: Using duckdb connection "model.ecomm_analytics.stg_orders"
[0m04:06:31.310035 [debug] [Thread-1 (]: On model.ecomm_analytics.stg_orders: COMMIT
[0m04:06:31.388859 [debug] [Thread-1 (]: SQL status: OK in 0.0 seconds
[0m04:06:31.390727 [debug] [Thread-1 (]: Using duckdb connection "model.ecomm_analytics.stg_orders"
[0m04:06:31.390877 [debug] [Thread-1 (]: On model.ecomm_analytics.stg_orders: /* {"app": "dbt", "dbt_version": "1.7.19", "profile_name": "ecomm", "target_name": "dev", "node_id": "model.ecomm_analytics.stg_orders"} */
drop table if exists "analytics"."main"."stg_orders__dbt_backup" cascade
[0m04:06:31.391258 [debug] [Thread-1 (]: SQL status: OK in 0.0 seconds
[0m04:06:31.391803 [debug] [Thread-1 (]: Timing info for model.ecomm_analytics.stg_orders (execute): 04:06:31.165402 => 04:06:31.391745
[0m04:06:31.391948 [debug] [Thread-1 (]: On model.ecomm_analytics.stg_orders: Close
[0m04:06:31.448605 [debug] [Thread-1 (]: Sending event: {'category': 'dbt', 'action': 'run_model', 'label': '8fba9581-792b-4869-8467-ffe3b17d6438', 'context': [<snowplow_tracker.self_describing_json.SelfDescribingJson object at 0xffffb7506650>]}
[0m04:06:31.448909 [info ] [Thread-1 (]: 1 of 1 OK created sql table model main.stg_orders .............................. [[32mOK[0m in 0.29s]
[0m04:06:31.449172 [debug] [Thread-1 (]: Finished running node model.ecomm_analytics.stg_orders
[0m04:06:31.449957 [debug] [MainThread]: Using duckdb connection "master"
[0m04:06:31.450120 [debug] [MainThread]: On master: BEGIN
[0m04:06:31.450237 [debug] [MainThread]: Opening a new connection, currently in state closed
[0m04:06:31.453198 [debug] [MainThread]: SQL status: OK in 0.0 seconds
[0m04:06:31.453359 [debug] [MainThread]: On master: COMMIT
[0m04:06:31.453496 [debug] [MainThread]: Using duckdb connection "master"
[0m04:06:31.453601 [debug] [MainThread]: On master: COMMIT
[0m04:06:31.453747 [debug] [MainThread]: SQL status: OK in 0.0 seconds
[0m04:06:31.453855 [debug] [MainThread]: On master: Close
[0m04:06:31.454435 [debug] [MainThread]: Connection 'master' was properly closed.
[0m04:06:31.454555 [debug] [MainThread]: Connection 'create_analytics_main' was properly closed.
[0m04:06:31.454675 [debug] [MainThread]: Connection 'list_analytics_main' was properly closed.
[0m04:06:31.454784 [debug] [MainThread]: Connection 'model.ecomm_analytics.stg_orders' was properly closed.
[0m04:06:31.454900 [info ] [MainThread]: 
[0m04:06:31.455033 [info ] [MainThread]: Finished running 1 table model in 0 hours 0 minutes and 0.33 seconds (0.33s).
[0m04:06:31.455298 [debug] [MainThread]: Command end result
[0m04:06:31.458936 [info ] [MainThread]: 
[0m04:06:31.459157 [info ] [MainThread]: [32mCompleted successfully[0m
[0m04:06:31.459394 [info ] [MainThread]: 
[0m04:06:31.459574 [info ] [MainThread]: Done. PASS=1 WARN=0 ERROR=0 SKIP=0 TOTAL=1
[0m04:06:31.460042 [debug] [MainThread]: Resource report: {"command_name": "run", "command_success": true, "command_wall_clock_time": 0.4710791, "process_user_time": 0.980211, "process_kernel_time": 0.064079, "process_mem_max_rss": "221080", "process_out_blocks": "53294", "process_in_blocks": "0"}
[0m04:06:31.460238 [debug] [MainThread]: Command `dbt run` succeeded at 04:06:31.460194 after 0.47 seconds
[0m04:06:31.460406 [debug] [MainThread]: Sending event: {'category': 'dbt', 'action': 'invocation', 'label': 'end', 'context': [<snowplow_tracker.self_describing_json.SelfDescribingJson object at 0xffffb766bfd0>, <snowplow_tracker.self_describing_json.SelfDescribingJson object at 0xffffbc8125d0>, <snowplow_tracker.self_describing_json.SelfDescribingJson object at 0xffffbc8b1390>]}
[0m04:06:31.460581 [debug] [MainThread]: Flushing usage events
[0m04:10:11.767947 [debug] [MainThread]: Sending event: {'category': 'dbt', 'action': 'invocation', 'label': 'start', 'context': [<snowplow_tracker.self_describing_json.SelfDescribingJson object at 0xffffa88c8d90>, <snowplow_tracker.self_describing_json.SelfDescribingJson object at 0xffffaa7abd10>, <snowplow_tracker.self_describing_json.SelfDescribingJson object at 0xffffa8878390>]}


============================== 04:10:11.768950 | b10effa9-df33-4be6-925d-ba81d31952f6 ==============================
[0m04:10:11.768950 [info ] [MainThread]: Running with dbt=1.7.19
[0m04:10:11.769199 [debug] [MainThread]: running dbt with arguments {'printer_width': '80', 'indirect_selection': 'eager', 'log_cache_events': 'False', 'write_json': 'True', 'partial_parse': 'True', 'cache_selected_only': 'False', 'profiles_dir': '/app/dbt_project', 'debug': 'False', 'version_check': 'True', 'log_path': '/app/dbt_project/logs', 'warn_error': 'None', 'fail_fast': 'False', 'use_colors': 'True', 'use_experimental_parser': 'False', 'no_print': 'None', 'quiet': 'False', 'warn_error_options': 'WarnErrorOptions(include=[], exclude=[])', 'invocation_command': 'dbt run -s stg_orders', 'static_parser': 'True', 'log_format': 'default', 'target_path': 'None', 'introspect': 'True', 'send_anonymous_usage_stats': 'True'}
[0m04:10:11.818014 [debug] [MainThread]: Sending event: {'category': 'dbt', 'action': 'project_id', 'label': 'b10effa9-df33-4be6-925d-ba81d31952f6', 'context': [<snowplow_tracker.self_describing_json.SelfDescribingJson object at 0xffffa87a5c50>]}
[0m04:10:11.833345 [debug] [MainThread]: Sending event: {'category': 'dbt', 'action': 'adapter_info', 'label': 'b10effa9-df33-4be6-925d-ba81d31952f6', 'context': [<snowplow_tracker.self_describing_json.SelfDescribingJson object at 0xffffa5a55790>]}
[0m04:10:11.833627 [info ] [MainThread]: Registered adapter: duckdb=1.7.3
[0m04:10:11.836116 [debug] [MainThread]: checksum: a8d43cdff37d0f32d7fbe4c5c25bea4bb6c86e162f8ce8fdb1a38cdcf7495431, vars: {}, profile: , target: , version: 1.7.19
[0m04:10:11.850326 [debug] [MainThread]: Partial parsing enabled: 0 files deleted, 0 files added, 1 files changed.
[0m04:10:11.850543 [debug] [MainThread]: Partial parsing: updated file: ecomm_analytics://models/staging/stg_orders.sql
[0m04:10:11.888479 [debug] [MainThread]: Sending event: {'category': 'dbt', 'action': 'load_project', 'label': 'b10effa9-df33-4be6-925d-ba81d31952f6', 'context': [<snowplow_tracker.self_describing_json.SelfDescribingJson object at 0xffffa870cb10>]}
[0m04:10:11.891874 [debug] [MainThread]: Sending event: {'category': 'dbt', 'action': 'resource_counts', 'label': 'b10effa9-df33-4be6-925d-ba81d31952f6', 'context': [<snowplow_tracker.self_describing_json.SelfDescribingJson object at 0xffffa0ccc250>]}
[0m04:10:11.892036 [info ] [MainThread]: Found 2 models, 9 sources, 0 exposures, 0 metrics, 392 macros, 0 groups, 0 semantic models
[0m04:10:11.892237 [debug] [MainThread]: Sending event: {'category': 'dbt', 'action': 'runnable_timing', 'label': 'b10effa9-df33-4be6-925d-ba81d31952f6', 'context': [<snowplow_tracker.self_describing_json.SelfDescribingJson object at 0xffffa0f5f510>]}
[0m04:10:11.892806 [info ] [MainThread]: 
[0m04:10:11.893152 [debug] [MainThread]: Acquiring new duckdb connection 'master'
[0m04:10:11.893557 [debug] [ThreadPool]: Acquiring new duckdb connection 'list_analytics'
[0m04:10:11.897081 [debug] [ThreadPool]: Using duckdb connection "list_analytics"
[0m04:10:11.897233 [debug] [ThreadPool]: On list_analytics: /* {"app": "dbt", "dbt_version": "1.7.19", "profile_name": "ecomm", "target_name": "dev", "connection_name": "list_analytics"} */

    
    select schema_name
    from system.information_schema.schemata
    
    where catalog_name = '"analytics"'
    
  
  
[0m04:10:11.897357 [debug] [ThreadPool]: Opening a new connection, currently in state init
[0m04:10:11.901342 [debug] [ThreadPool]: SQL status: OK in 0.0 seconds
[0m04:10:11.901806 [debug] [ThreadPool]: On list_analytics: Close
[0m04:10:11.902718 [debug] [ThreadPool]: Re-using an available connection from the pool (formerly list_analytics, now create_analytics_main_staging)
[0m04:10:11.902957 [debug] [ThreadPool]: Creating schema "database: "analytics"
schema: "main_staging"
"
[0m04:10:11.904955 [debug] [ThreadPool]: Using duckdb connection "create_analytics_main_staging"
[0m04:10:11.905097 [debug] [ThreadPool]: On create_analytics_main_staging: /* {"app": "dbt", "dbt_version": "1.7.19", "profile_name": "ecomm", "target_name": "dev", "connection_name": "create_analytics_main_staging"} */

    
        select type from duckdb_databases()
        where database_name='analytics'
        and type='sqlite'
    
  
[0m04:10:11.905229 [debug] [ThreadPool]: Opening a new connection, currently in state closed
[0m04:10:11.907830 [debug] [ThreadPool]: SQL status: OK in 0.0 seconds
[0m04:10:11.908292 [debug] [ThreadPool]: Using duckdb connection "create_analytics_main_staging"
[0m04:10:11.908447 [debug] [ThreadPool]: On create_analytics_main_staging: BEGIN
[0m04:10:11.908619 [debug] [ThreadPool]: SQL status: OK in 0.0 seconds
[0m04:10:11.908732 [debug] [ThreadPool]: Using duckdb connection "create_analytics_main_staging"
[0m04:10:11.908848 [debug] [ThreadPool]: On create_analytics_main_staging: /* {"app": "dbt", "dbt_version": "1.7.19", "profile_name": "ecomm", "target_name": "dev", "connection_name": "create_analytics_main_staging"} */

    
    
        create schema if not exists "analytics"."main_staging"
    
[0m04:10:11.909009 [debug] [ThreadPool]: SQL status: OK in 0.0 seconds
[0m04:10:11.909327 [debug] [ThreadPool]: On create_analytics_main_staging: COMMIT
[0m04:10:11.909444 [debug] [ThreadPool]: Using duckdb connection "create_analytics_main_staging"
[0m04:10:11.909539 [debug] [ThreadPool]: On create_analytics_main_staging: COMMIT
[0m04:10:11.909784 [debug] [ThreadPool]: SQL status: OK in 0.0 seconds
[0m04:10:11.909899 [debug] [ThreadPool]: On create_analytics_main_staging: Close
[0m04:10:11.916590 [debug] [ThreadPool]: Acquiring new duckdb connection 'list_analytics_main_staging'
[0m04:10:11.916854 [debug] [ThreadPool]: Re-using an available connection from the pool (formerly create_analytics_main_staging, now list_analytics_main)
[0m04:10:11.919286 [debug] [ThreadPool]: Using duckdb connection "list_analytics_main"
[0m04:10:11.918659 [debug] [ThreadPool]: Using duckdb connection "list_analytics_main_staging"
[0m04:10:11.919524 [debug] [ThreadPool]: On list_analytics_main_staging: BEGIN
[0m04:10:11.919410 [debug] [ThreadPool]: On list_analytics_main: BEGIN
[0m04:10:11.919734 [debug] [ThreadPool]: Opening a new connection, currently in state closed
[0m04:10:11.919631 [debug] [ThreadPool]: Opening a new connection, currently in state init
[0m04:10:11.922665 [debug] [ThreadPool]: SQL status: OK in 0.0 seconds
[0m04:10:11.922958 [debug] [ThreadPool]: Using duckdb connection "list_analytics_main"
[0m04:10:11.923086 [debug] [ThreadPool]: SQL status: OK in 0.0 seconds
[0m04:10:11.923437 [debug] [ThreadPool]: Using duckdb connection "list_analytics_main_staging"
[0m04:10:11.923282 [debug] [ThreadPool]: On list_analytics_main: /* {"app": "dbt", "dbt_version": "1.7.19", "profile_name": "ecomm", "target_name": "dev", "connection_name": "list_analytics_main"} */
select
      'analytics' as database,
      table_name as name,
      table_schema as schema,
      CASE table_type
        WHEN 'BASE TABLE' THEN 'table'
        WHEN 'VIEW' THEN 'view'
        WHEN 'LOCAL TEMPORARY' THEN 'table'
        END as type
    from system.information_schema.tables
    where table_schema = 'main'
    and table_catalog = 'analytics'
  
[0m04:10:11.923558 [debug] [ThreadPool]: On list_analytics_main_staging: /* {"app": "dbt", "dbt_version": "1.7.19", "profile_name": "ecomm", "target_name": "dev", "connection_name": "list_analytics_main_staging"} */
select
      'analytics' as database,
      table_name as name,
      table_schema as schema,
      CASE table_type
        WHEN 'BASE TABLE' THEN 'table'
        WHEN 'VIEW' THEN 'view'
        WHEN 'LOCAL TEMPORARY' THEN 'table'
        END as type
    from system.information_schema.tables
    where table_schema = 'main_staging'
    and table_catalog = 'analytics'
  
[0m04:10:11.929531 [debug] [ThreadPool]: SQL status: OK in 0.0 seconds
[0m04:10:11.930650 [debug] [ThreadPool]: SQL status: OK in 0.0 seconds
[0m04:10:11.932298 [debug] [ThreadPool]: On list_analytics_main_staging: ROLLBACK
[0m04:10:11.931941 [debug] [ThreadPool]: On list_analytics_main: ROLLBACK
[0m04:10:11.932716 [debug] [ThreadPool]: Failed to rollback 'list_analytics_main'
[0m04:10:11.932568 [debug] [ThreadPool]: Failed to rollback 'list_analytics_main_staging'
[0m04:10:11.932936 [debug] [ThreadPool]: On list_analytics_main_staging: Close
[0m04:10:11.932827 [debug] [ThreadPool]: On list_analytics_main: Close
[0m04:10:11.934205 [debug] [MainThread]: Sending event: {'category': 'dbt', 'action': 'runnable_timing', 'label': 'b10effa9-df33-4be6-925d-ba81d31952f6', 'context': [<snowplow_tracker.self_describing_json.SelfDescribingJson object at 0xffffa0e7fb50>]}
[0m04:10:11.934437 [debug] [MainThread]: Using duckdb connection "master"
[0m04:10:11.934550 [debug] [MainThread]: On master: BEGIN
[0m04:10:11.934647 [debug] [MainThread]: Opening a new connection, currently in state init
[0m04:10:11.937372 [debug] [MainThread]: SQL status: OK in 0.0 seconds
[0m04:10:11.937504 [debug] [MainThread]: On master: COMMIT
[0m04:10:11.937623 [debug] [MainThread]: Using duckdb connection "master"
[0m04:10:11.937726 [debug] [MainThread]: On master: COMMIT
[0m04:10:11.937862 [debug] [MainThread]: SQL status: OK in 0.0 seconds
[0m04:10:11.937989 [debug] [MainThread]: On master: Close
[0m04:10:11.938722 [info ] [MainThread]: Concurrency: 4 threads (target='dev')
[0m04:10:11.938892 [info ] [MainThread]: 
[0m04:10:11.940069 [debug] [Thread-1 (]: Began running node model.ecomm_analytics.stg_orders
[0m04:10:11.940270 [info ] [Thread-1 (]: 1 of 1 START sql table model main_staging.stg_orders ........................... [RUN]
[0m04:10:11.940697 [debug] [Thread-1 (]: Acquiring new duckdb connection 'model.ecomm_analytics.stg_orders'
[0m04:10:11.940837 [debug] [Thread-1 (]: Began compiling node model.ecomm_analytics.stg_orders
[0m04:10:11.944070 [debug] [Thread-1 (]: Writing injected SQL for node "model.ecomm_analytics.stg_orders"
[0m04:10:11.944592 [debug] [Thread-1 (]: Timing info for model.ecomm_analytics.stg_orders (compile): 04:10:11.940935 => 04:10:11.944509
[0m04:10:11.944736 [debug] [Thread-1 (]: Began executing node model.ecomm_analytics.stg_orders
[0m04:10:11.954583 [debug] [Thread-1 (]: Writing runtime sql for node "model.ecomm_analytics.stg_orders"
[0m04:10:11.955051 [debug] [Thread-1 (]: Using duckdb connection "model.ecomm_analytics.stg_orders"
[0m04:10:11.955190 [debug] [Thread-1 (]: On model.ecomm_analytics.stg_orders: BEGIN
[0m04:10:11.955333 [debug] [Thread-1 (]: Opening a new connection, currently in state init
[0m04:10:11.958114 [debug] [Thread-1 (]: SQL status: OK in 0.0 seconds
[0m04:10:11.958284 [debug] [Thread-1 (]: Using duckdb connection "model.ecomm_analytics.stg_orders"
[0m04:10:11.958441 [debug] [Thread-1 (]: On model.ecomm_analytics.stg_orders: /* {"app": "dbt", "dbt_version": "1.7.19", "profile_name": "ecomm", "target_name": "dev", "node_id": "model.ecomm_analytics.stg_orders"} */

  
    
    

    create  table
      "analytics"."main_staging"."stg_orders__dbt_tmp"
  
    as (
      

select
    order_id
    , customer_id
    , order_status
    , order_purchase_timestamp
    , 
    -- Assume the input timestamp is America/Sao_Paulo and convert to target timezone
    (order_purchase_timestamp::TIMESTAMP AT TIME ZONE 'America/Sao_Paulo' AT TIME ZONE 'America/New_York')
 as order_purchase_timestamp_et
    , order_approved_at
    , 
    -- Assume the input timestamp is America/Sao_Paulo and convert to target timezone
    (order_approved_at::TIMESTAMP AT TIME ZONE 'America/Sao_Paulo' AT TIME ZONE 'America/New_York')
 as order_approved_at_et
    , order_delivered_carrier_date
    , 
    -- Assume the input timestamp is America/Sao_Paulo and convert to target timezone
    (order_delivered_carrier_date::TIMESTAMP AT TIME ZONE 'America/Sao_Paulo' AT TIME ZONE 'America/New_York')
 as order_delivered_carrier_date_et
    , order_delivered_customer_date
    , 
    -- Assume the input timestamp is America/Sao_Paulo and convert to target timezone
    (order_delivered_customer_date::TIMESTAMP AT TIME ZONE 'America/Sao_Paulo' AT TIME ZONE 'America/New_York')
 as order_delivered_customer_date_et
    , order_estimated_delivery_date
    , 
    -- Assume the input timestamp is America/Sao_Paulo and convert to target timezone
    (order_estimated_delivery_date::TIMESTAMP AT TIME ZONE 'America/Sao_Paulo' AT TIME ZONE 'America/New_York')
 as order_estimated_delivery_date_et

from "analytics"."raw"."orders"
    );
  
  
[0m04:10:12.082168 [debug] [Thread-1 (]: SQL status: OK in 0.0 seconds
[0m04:10:12.084506 [debug] [Thread-1 (]: Using duckdb connection "model.ecomm_analytics.stg_orders"
[0m04:10:12.084727 [debug] [Thread-1 (]: On model.ecomm_analytics.stg_orders: /* {"app": "dbt", "dbt_version": "1.7.19", "profile_name": "ecomm", "target_name": "dev", "node_id": "model.ecomm_analytics.stg_orders"} */
alter table "analytics"."main_staging"."stg_orders__dbt_tmp" rename to "stg_orders"
[0m04:10:12.085082 [debug] [Thread-1 (]: SQL status: OK in 0.0 seconds
[0m04:10:12.090363 [debug] [Thread-1 (]: On model.ecomm_analytics.stg_orders: COMMIT
[0m04:10:12.090527 [debug] [Thread-1 (]: Using duckdb connection "model.ecomm_analytics.stg_orders"
[0m04:10:12.090655 [debug] [Thread-1 (]: On model.ecomm_analytics.stg_orders: COMMIT
[0m04:10:12.164197 [debug] [Thread-1 (]: SQL status: OK in 0.0 seconds
[0m04:10:12.165990 [debug] [Thread-1 (]: Using duckdb connection "model.ecomm_analytics.stg_orders"
[0m04:10:12.166134 [debug] [Thread-1 (]: On model.ecomm_analytics.stg_orders: /* {"app": "dbt", "dbt_version": "1.7.19", "profile_name": "ecomm", "target_name": "dev", "node_id": "model.ecomm_analytics.stg_orders"} */
drop table if exists "analytics"."main_staging"."stg_orders__dbt_backup" cascade
[0m04:10:12.166374 [debug] [Thread-1 (]: SQL status: OK in 0.0 seconds
[0m04:10:12.166848 [debug] [Thread-1 (]: Timing info for model.ecomm_analytics.stg_orders (execute): 04:10:11.944835 => 04:10:12.166792
[0m04:10:12.166993 [debug] [Thread-1 (]: On model.ecomm_analytics.stg_orders: Close
[0m04:10:12.225043 [debug] [Thread-1 (]: Sending event: {'category': 'dbt', 'action': 'run_model', 'label': 'b10effa9-df33-4be6-925d-ba81d31952f6', 'context': [<snowplow_tracker.self_describing_json.SelfDescribingJson object at 0xffffa0d0b650>]}
[0m04:10:12.225357 [info ] [Thread-1 (]: 1 of 1 OK created sql table model main_staging.stg_orders ...................... [[32mOK[0m in 0.28s]
[0m04:10:12.225612 [debug] [Thread-1 (]: Finished running node model.ecomm_analytics.stg_orders
[0m04:10:12.226439 [debug] [MainThread]: Using duckdb connection "master"
[0m04:10:12.226573 [debug] [MainThread]: On master: BEGIN
[0m04:10:12.226689 [debug] [MainThread]: Opening a new connection, currently in state closed
[0m04:10:12.229862 [debug] [MainThread]: SQL status: OK in 0.0 seconds
[0m04:10:12.229986 [debug] [MainThread]: On master: COMMIT
[0m04:10:12.230082 [debug] [MainThread]: Using duckdb connection "master"
[0m04:10:12.230198 [debug] [MainThread]: On master: COMMIT
[0m04:10:12.230379 [debug] [MainThread]: SQL status: OK in 0.0 seconds
[0m04:10:12.230484 [debug] [MainThread]: On master: Close
[0m04:10:12.231075 [debug] [MainThread]: Connection 'master' was properly closed.
[0m04:10:12.231197 [debug] [MainThread]: Connection 'list_analytics_main' was properly closed.
[0m04:10:12.231300 [debug] [MainThread]: Connection 'list_analytics_main_staging' was properly closed.
[0m04:10:12.231388 [debug] [MainThread]: Connection 'model.ecomm_analytics.stg_orders' was properly closed.
[0m04:10:12.231499 [info ] [MainThread]: 
[0m04:10:12.231648 [info ] [MainThread]: Finished running 1 table model in 0 hours 0 minutes and 0.34 seconds (0.34s).
[0m04:10:12.231962 [debug] [MainThread]: Command end result
[0m04:10:12.235093 [info ] [MainThread]: 
[0m04:10:12.235416 [info ] [MainThread]: [32mCompleted successfully[0m
[0m04:10:12.235572 [info ] [MainThread]: 
[0m04:10:12.235784 [info ] [MainThread]: Done. PASS=1 WARN=0 ERROR=0 SKIP=0 TOTAL=1
[0m04:10:12.236242 [debug] [MainThread]: Resource report: {"command_name": "run", "command_success": true, "command_wall_clock_time": 0.4798925, "process_user_time": 0.998546, "process_kernel_time": 0.063288, "process_mem_max_rss": "226584", "process_out_blocks": "55863", "process_in_blocks": "0"}
[0m04:10:12.236427 [debug] [MainThread]: Command `dbt run` succeeded at 04:10:12.236388 after 0.48 seconds
[0m04:10:12.236563 [debug] [MainThread]: Sending event: {'category': 'dbt', 'action': 'invocation', 'label': 'end', 'context': [<snowplow_tracker.self_describing_json.SelfDescribingJson object at 0xffffa9bd3fd0>, <snowplow_tracker.self_describing_json.SelfDescribingJson object at 0xffffa88aee90>, <snowplow_tracker.self_describing_json.SelfDescribingJson object at 0xffffada225d0>]}
[0m04:10:12.236711 [debug] [MainThread]: Flushing usage events
[0m04:13:15.004573 [debug] [MainThread]: Sending event: {'category': 'dbt', 'action': 'invocation', 'label': 'start', 'context': [<snowplow_tracker.self_describing_json.SelfDescribingJson object at 0xffffb1deb890>, <snowplow_tracker.self_describing_json.SelfDescribingJson object at 0xffffb1deba10>, <snowplow_tracker.self_describing_json.SelfDescribingJson object at 0xffffb1deb010>]}


============================== 04:13:15.005590 | bad6dd21-d130-42d4-8a3c-ffdaa3ce92aa ==============================
[0m04:13:15.005590 [info ] [MainThread]: Running with dbt=1.7.19
[0m04:13:15.005894 [debug] [MainThread]: running dbt with arguments {'printer_width': '80', 'indirect_selection': 'eager', 'log_cache_events': 'False', 'write_json': 'True', 'partial_parse': 'True', 'cache_selected_only': 'False', 'profiles_dir': '/app/dbt_project', 'version_check': 'True', 'debug': 'False', 'log_path': '/app/dbt_project/logs', 'fail_fast': 'False', 'warn_error': 'None', 'use_colors': 'True', 'use_experimental_parser': 'False', 'no_print': 'None', 'quiet': 'False', 'warn_error_options': 'WarnErrorOptions(include=[], exclude=[])', 'invocation_command': 'dbt run -s stg_orders', 'log_format': 'default', 'static_parser': 'True', 'target_path': 'None', 'introspect': 'True', 'send_anonymous_usage_stats': 'True'}
[0m04:13:15.054765 [debug] [MainThread]: Sending event: {'category': 'dbt', 'action': 'project_id', 'label': 'bad6dd21-d130-42d4-8a3c-ffdaa3ce92aa', 'context': [<snowplow_tracker.self_describing_json.SelfDescribingJson object at 0xffffb1d2d1d0>]}
[0m04:13:15.070056 [debug] [MainThread]: Sending event: {'category': 'dbt', 'action': 'adapter_info', 'label': 'bad6dd21-d130-42d4-8a3c-ffdaa3ce92aa', 'context': [<snowplow_tracker.self_describing_json.SelfDescribingJson object at 0xffffb1d07d90>]}
[0m04:13:15.070325 [info ] [MainThread]: Registered adapter: duckdb=1.7.3
[0m04:13:15.072774 [debug] [MainThread]: checksum: a8d43cdff37d0f32d7fbe4c5c25bea4bb6c86e162f8ce8fdb1a38cdcf7495431, vars: {}, profile: , target: , version: 1.7.19
[0m04:13:15.084409 [debug] [MainThread]: Partial parsing enabled: 0 files deleted, 1 files added, 1 files changed.
[0m04:13:15.084612 [debug] [MainThread]: Partial parsing: added file: ecomm_analytics://macros/get_custom_schema.sql
[0m04:13:15.084778 [debug] [MainThread]: Partial parsing: updated file: ecomm_analytics://models/staging/stg_orders.sql
[0m04:13:15.085433 [info ] [MainThread]: Unable to do partial parsing because change detected to override macro. Starting full parse.
[0m04:13:15.355797 [debug] [MainThread]: Sending event: {'category': 'dbt', 'action': 'load_project', 'label': 'bad6dd21-d130-42d4-8a3c-ffdaa3ce92aa', 'context': [<snowplow_tracker.self_describing_json.SelfDescribingJson object at 0xffffaa318210>]}
[0m04:13:15.359495 [debug] [MainThread]: Sending event: {'category': 'dbt', 'action': 'resource_counts', 'label': 'bad6dd21-d130-42d4-8a3c-ffdaa3ce92aa', 'context': [<snowplow_tracker.self_describing_json.SelfDescribingJson object at 0xffffb1c8fc50>]}
[0m04:13:15.359683 [info ] [MainThread]: Found 2 models, 9 sources, 0 exposures, 0 metrics, 393 macros, 0 groups, 0 semantic models
[0m04:13:15.359858 [debug] [MainThread]: Sending event: {'category': 'dbt', 'action': 'runnable_timing', 'label': 'bad6dd21-d130-42d4-8a3c-ffdaa3ce92aa', 'context': [<snowplow_tracker.self_describing_json.SelfDescribingJson object at 0xffffaa5525d0>]}
[0m04:13:15.360433 [info ] [MainThread]: 
[0m04:13:15.360793 [debug] [MainThread]: Acquiring new duckdb connection 'master'
[0m04:13:15.361213 [debug] [ThreadPool]: Acquiring new duckdb connection 'list_analytics'
[0m04:13:15.364747 [debug] [ThreadPool]: Using duckdb connection "list_analytics"
[0m04:13:15.364911 [debug] [ThreadPool]: On list_analytics: /* {"app": "dbt", "dbt_version": "1.7.19", "profile_name": "ecomm", "target_name": "dev", "connection_name": "list_analytics"} */

    
    select schema_name
    from system.information_schema.schemata
    
    where catalog_name = '"analytics"'
    
  
  
[0m04:13:15.365077 [debug] [ThreadPool]: Opening a new connection, currently in state init
[0m04:13:15.369385 [debug] [ThreadPool]: SQL status: OK in 0.0 seconds
[0m04:13:15.369879 [debug] [ThreadPool]: On list_analytics: Close
[0m04:13:15.376109 [debug] [ThreadPool]: Re-using an available connection from the pool (formerly list_analytics, now create_analytics_main)
[0m04:13:15.376368 [debug] [ThreadPool]: Creating schema "database: "analytics"
schema: "main"
"
[0m04:13:15.378726 [debug] [ThreadPool]: Using duckdb connection "create_analytics_main"
[0m04:13:15.378900 [debug] [ThreadPool]: On create_analytics_main: /* {"app": "dbt", "dbt_version": "1.7.19", "profile_name": "ecomm", "target_name": "dev", "connection_name": "create_analytics_main"} */

    
        select type from duckdb_databases()
        where database_name='analytics'
        and type='sqlite'
    
  
[0m04:13:15.379066 [debug] [ThreadPool]: Opening a new connection, currently in state closed
[0m04:13:15.382168 [debug] [ThreadPool]: SQL status: OK in 0.0 seconds
[0m04:13:15.382642 [debug] [ThreadPool]: Using duckdb connection "create_analytics_main"
[0m04:13:15.382787 [debug] [ThreadPool]: On create_analytics_main: BEGIN
[0m04:13:15.382943 [debug] [ThreadPool]: SQL status: OK in 0.0 seconds
[0m04:13:15.383074 [debug] [ThreadPool]: Using duckdb connection "create_analytics_main"
[0m04:13:15.383183 [debug] [ThreadPool]: On create_analytics_main: /* {"app": "dbt", "dbt_version": "1.7.19", "profile_name": "ecomm", "target_name": "dev", "connection_name": "create_analytics_main"} */

    
    
        create schema if not exists "analytics"."main"
    
[0m04:13:15.383343 [debug] [ThreadPool]: SQL status: OK in 0.0 seconds
[0m04:13:15.383611 [debug] [ThreadPool]: On create_analytics_main: COMMIT
[0m04:13:15.383737 [debug] [ThreadPool]: Using duckdb connection "create_analytics_main"
[0m04:13:15.383830 [debug] [ThreadPool]: On create_analytics_main: COMMIT
[0m04:13:15.383968 [debug] [ThreadPool]: SQL status: OK in 0.0 seconds
[0m04:13:15.384063 [debug] [ThreadPool]: On create_analytics_main: Close
[0m04:13:15.385325 [debug] [ThreadPool]: Acquiring new duckdb connection 'list_analytics_main'
[0m04:13:15.387066 [debug] [ThreadPool]: Using duckdb connection "list_analytics_main"
[0m04:13:15.387196 [debug] [ThreadPool]: On list_analytics_main: BEGIN
[0m04:13:15.387302 [debug] [ThreadPool]: Opening a new connection, currently in state init
[0m04:13:15.390218 [debug] [ThreadPool]: SQL status: OK in 0.0 seconds
[0m04:13:15.390343 [debug] [ThreadPool]: Using duckdb connection "list_analytics_main"
[0m04:13:15.390447 [debug] [ThreadPool]: On list_analytics_main: /* {"app": "dbt", "dbt_version": "1.7.19", "profile_name": "ecomm", "target_name": "dev", "connection_name": "list_analytics_main"} */
select
      'analytics' as database,
      table_name as name,
      table_schema as schema,
      CASE table_type
        WHEN 'BASE TABLE' THEN 'table'
        WHEN 'VIEW' THEN 'view'
        WHEN 'LOCAL TEMPORARY' THEN 'table'
        END as type
    from system.information_schema.tables
    where table_schema = 'main'
    and table_catalog = 'analytics'
  
[0m04:13:15.397105 [debug] [ThreadPool]: SQL status: OK in 0.0 seconds
[0m04:13:15.397567 [debug] [ThreadPool]: On list_analytics_main: ROLLBACK
[0m04:13:15.397841 [debug] [ThreadPool]: Failed to rollback 'list_analytics_main'
[0m04:13:15.397964 [debug] [ThreadPool]: On list_analytics_main: Close
[0m04:13:15.398769 [debug] [MainThread]: Sending event: {'category': 'dbt', 'action': 'runnable_timing', 'label': 'bad6dd21-d130-42d4-8a3c-ffdaa3ce92aa', 'context': [<snowplow_tracker.self_describing_json.SelfDescribingJson object at 0xffffb2a1f990>]}
[0m04:13:15.399012 [debug] [MainThread]: Using duckdb connection "master"
[0m04:13:15.399130 [debug] [MainThread]: On master: BEGIN
[0m04:13:15.399226 [debug] [MainThread]: Opening a new connection, currently in state init
[0m04:13:15.401811 [debug] [MainThread]: SQL status: OK in 0.0 seconds
[0m04:13:15.401960 [debug] [MainThread]: On master: COMMIT
[0m04:13:15.402074 [debug] [MainThread]: Using duckdb connection "master"
[0m04:13:15.402177 [debug] [MainThread]: On master: COMMIT
[0m04:13:15.402319 [debug] [MainThread]: SQL status: OK in 0.0 seconds
[0m04:13:15.402434 [debug] [MainThread]: On master: Close
[0m04:13:15.403008 [info ] [MainThread]: Concurrency: 4 threads (target='dev')
[0m04:13:15.403188 [info ] [MainThread]: 
[0m04:13:15.404411 [debug] [Thread-1 (]: Began running node model.ecomm_analytics.stg_orders
[0m04:13:15.404648 [info ] [Thread-1 (]: 1 of 1 START sql table model main.stg_orders ................................... [RUN]
[0m04:13:15.404978 [debug] [Thread-1 (]: Acquiring new duckdb connection 'model.ecomm_analytics.stg_orders'
[0m04:13:15.405125 [debug] [Thread-1 (]: Began compiling node model.ecomm_analytics.stg_orders
[0m04:13:15.408158 [debug] [Thread-1 (]: Writing injected SQL for node "model.ecomm_analytics.stg_orders"
[0m04:13:15.408595 [debug] [Thread-1 (]: Timing info for model.ecomm_analytics.stg_orders (compile): 04:13:15.405225 => 04:13:15.408510
[0m04:13:15.408743 [debug] [Thread-1 (]: Began executing node model.ecomm_analytics.stg_orders
[0m04:13:15.418747 [debug] [Thread-1 (]: Writing runtime sql for node "model.ecomm_analytics.stg_orders"
[0m04:13:15.419254 [debug] [Thread-1 (]: Using duckdb connection "model.ecomm_analytics.stg_orders"
[0m04:13:15.419388 [debug] [Thread-1 (]: On model.ecomm_analytics.stg_orders: BEGIN
[0m04:13:15.419519 [debug] [Thread-1 (]: Opening a new connection, currently in state init
[0m04:13:15.422415 [debug] [Thread-1 (]: SQL status: OK in 0.0 seconds
[0m04:13:15.422587 [debug] [Thread-1 (]: Using duckdb connection "model.ecomm_analytics.stg_orders"
[0m04:13:15.422746 [debug] [Thread-1 (]: On model.ecomm_analytics.stg_orders: /* {"app": "dbt", "dbt_version": "1.7.19", "profile_name": "ecomm", "target_name": "dev", "node_id": "model.ecomm_analytics.stg_orders"} */

  
    
    

    create  table
      "analytics"."main"."stg_orders__dbt_tmp"
  
    as (
      

select
    order_id
    , customer_id
    , order_status
    , order_purchase_timestamp
    , 
    -- Assume the input timestamp is America/Sao_Paulo and convert to target timezone
    (order_purchase_timestamp::TIMESTAMP AT TIME ZONE 'America/Sao_Paulo' AT TIME ZONE 'America/New_York')
 as order_purchase_timestamp_et
    , order_approved_at
    , 
    -- Assume the input timestamp is America/Sao_Paulo and convert to target timezone
    (order_approved_at::TIMESTAMP AT TIME ZONE 'America/Sao_Paulo' AT TIME ZONE 'America/New_York')
 as order_approved_at_et
    , order_delivered_carrier_date
    , 
    -- Assume the input timestamp is America/Sao_Paulo and convert to target timezone
    (order_delivered_carrier_date::TIMESTAMP AT TIME ZONE 'America/Sao_Paulo' AT TIME ZONE 'America/New_York')
 as order_delivered_carrier_date_et
    , order_delivered_customer_date
    , 
    -- Assume the input timestamp is America/Sao_Paulo and convert to target timezone
    (order_delivered_customer_date::TIMESTAMP AT TIME ZONE 'America/Sao_Paulo' AT TIME ZONE 'America/New_York')
 as order_delivered_customer_date_et
    , order_estimated_delivery_date
    , 
    -- Assume the input timestamp is America/Sao_Paulo and convert to target timezone
    (order_estimated_delivery_date::TIMESTAMP AT TIME ZONE 'America/Sao_Paulo' AT TIME ZONE 'America/New_York')
 as order_estimated_delivery_date_et

from "analytics"."raw"."orders"
    );
  
  
[0m04:13:15.543966 [debug] [Thread-1 (]: SQL status: OK in 0.0 seconds
[0m04:13:15.546194 [debug] [Thread-1 (]: Using duckdb connection "model.ecomm_analytics.stg_orders"
[0m04:13:15.546349 [debug] [Thread-1 (]: On model.ecomm_analytics.stg_orders: /* {"app": "dbt", "dbt_version": "1.7.19", "profile_name": "ecomm", "target_name": "dev", "node_id": "model.ecomm_analytics.stg_orders"} */
alter table "analytics"."main"."stg_orders__dbt_tmp" rename to "stg_orders"
[0m04:13:15.546615 [debug] [Thread-1 (]: SQL status: OK in 0.0 seconds
[0m04:13:15.551821 [debug] [Thread-1 (]: On model.ecomm_analytics.stg_orders: COMMIT
[0m04:13:15.551977 [debug] [Thread-1 (]: Using duckdb connection "model.ecomm_analytics.stg_orders"
[0m04:13:15.552114 [debug] [Thread-1 (]: On model.ecomm_analytics.stg_orders: COMMIT
[0m04:13:15.626778 [debug] [Thread-1 (]: SQL status: OK in 0.0 seconds
[0m04:13:15.628479 [debug] [Thread-1 (]: Using duckdb connection "model.ecomm_analytics.stg_orders"
[0m04:13:15.628623 [debug] [Thread-1 (]: On model.ecomm_analytics.stg_orders: /* {"app": "dbt", "dbt_version": "1.7.19", "profile_name": "ecomm", "target_name": "dev", "node_id": "model.ecomm_analytics.stg_orders"} */
drop table if exists "analytics"."main"."stg_orders__dbt_backup" cascade
[0m04:13:15.628893 [debug] [Thread-1 (]: SQL status: OK in 0.0 seconds
[0m04:13:15.629387 [debug] [Thread-1 (]: Timing info for model.ecomm_analytics.stg_orders (execute): 04:13:15.408842 => 04:13:15.629330
[0m04:13:15.629515 [debug] [Thread-1 (]: On model.ecomm_analytics.stg_orders: Close
[0m04:13:15.686290 [debug] [Thread-1 (]: Sending event: {'category': 'dbt', 'action': 'run_model', 'label': 'bad6dd21-d130-42d4-8a3c-ffdaa3ce92aa', 'context': [<snowplow_tracker.self_describing_json.SelfDescribingJson object at 0xffffa8e59750>]}
[0m04:13:15.686609 [info ] [Thread-1 (]: 1 of 1 OK created sql table model main.stg_orders .............................. [[32mOK[0m in 0.28s]
[0m04:13:15.686872 [debug] [Thread-1 (]: Finished running node model.ecomm_analytics.stg_orders
[0m04:13:15.687598 [debug] [MainThread]: Using duckdb connection "master"
[0m04:13:15.687758 [debug] [MainThread]: On master: BEGIN
[0m04:13:15.687868 [debug] [MainThread]: Opening a new connection, currently in state closed
[0m04:13:15.690668 [debug] [MainThread]: SQL status: OK in 0.0 seconds
[0m04:13:15.690797 [debug] [MainThread]: On master: COMMIT
[0m04:13:15.690900 [debug] [MainThread]: Using duckdb connection "master"
[0m04:13:15.691025 [debug] [MainThread]: On master: COMMIT
[0m04:13:15.691193 [debug] [MainThread]: SQL status: OK in 0.0 seconds
[0m04:13:15.691300 [debug] [MainThread]: On master: Close
[0m04:13:15.691865 [debug] [MainThread]: Connection 'master' was properly closed.
[0m04:13:15.691985 [debug] [MainThread]: Connection 'create_analytics_main' was properly closed.
[0m04:13:15.692074 [debug] [MainThread]: Connection 'list_analytics_main' was properly closed.
[0m04:13:15.692156 [debug] [MainThread]: Connection 'model.ecomm_analytics.stg_orders' was properly closed.
[0m04:13:15.692257 [info ] [MainThread]: 
[0m04:13:15.692380 [info ] [MainThread]: Finished running 1 table model in 0 hours 0 minutes and 0.33 seconds (0.33s).
[0m04:13:15.692682 [debug] [MainThread]: Command end result
[0m04:13:15.695447 [info ] [MainThread]: 
[0m04:13:15.695622 [info ] [MainThread]: [32mCompleted successfully[0m
[0m04:13:15.695836 [info ] [MainThread]: 
[0m04:13:15.696046 [info ] [MainThread]: Done. PASS=1 WARN=0 ERROR=0 SKIP=0 TOTAL=1
[0m04:13:15.696600 [debug] [MainThread]: Resource report: {"command_name": "run", "command_success": true, "command_wall_clock_time": 0.70348996, "process_user_time": 1.236963, "process_kernel_time": 0.039188, "process_mem_max_rss": "232412", "process_out_blocks": "55350", "process_in_blocks": "0"}
[0m04:13:15.696825 [debug] [MainThread]: Command `dbt run` succeeded at 04:13:15.696782 after 0.70 seconds
[0m04:13:15.696972 [debug] [MainThread]: Sending event: {'category': 'dbt', 'action': 'invocation', 'label': 'end', 'context': [<snowplow_tracker.self_describing_json.SelfDescribingJson object at 0xffffb1c5f3d0>, <snowplow_tracker.self_describing_json.SelfDescribingJson object at 0xffffb1c5f490>, <snowplow_tracker.self_describing_json.SelfDescribingJson object at 0xffffb337bcd0>]}
[0m04:13:15.697115 [debug] [MainThread]: Flushing usage events
[0m04:13:52.517516 [debug] [MainThread]: Sending event: {'category': 'dbt', 'action': 'invocation', 'label': 'start', 'context': [<snowplow_tracker.self_describing_json.SelfDescribingJson object at 0xffff8d5865d0>, <snowplow_tracker.self_describing_json.SelfDescribingJson object at 0xffff8d5874d0>, <snowplow_tracker.self_describing_json.SelfDescribingJson object at 0xffff8d587b10>]}


============================== 04:13:52.518556 | 9632d4da-81b2-497c-8102-ea4a75964f88 ==============================
[0m04:13:52.518556 [info ] [MainThread]: Running with dbt=1.7.19
[0m04:13:52.518840 [debug] [MainThread]: running dbt with arguments {'printer_width': '80', 'indirect_selection': 'eager', 'log_cache_events': 'False', 'write_json': 'True', 'partial_parse': 'True', 'cache_selected_only': 'False', 'warn_error': 'None', 'debug': 'False', 'profiles_dir': '/app/dbt_project', 'log_path': '/app/dbt_project/logs', 'fail_fast': 'False', 'version_check': 'True', 'use_colors': 'True', 'use_experimental_parser': 'False', 'no_print': 'None', 'quiet': 'False', 'warn_error_options': 'WarnErrorOptions(include=[], exclude=[])', 'static_parser': 'True', 'introspect': 'True', 'log_format': 'default', 'target_path': 'None', 'invocation_command': 'dbt run -s stg_orders', 'send_anonymous_usage_stats': 'True'}
[0m04:13:52.566989 [debug] [MainThread]: Sending event: {'category': 'dbt', 'action': 'project_id', 'label': '9632d4da-81b2-497c-8102-ea4a75964f88', 'context': [<snowplow_tracker.self_describing_json.SelfDescribingJson object at 0xffff8d425390>]}
[0m04:13:52.581951 [debug] [MainThread]: Sending event: {'category': 'dbt', 'action': 'adapter_info', 'label': '9632d4da-81b2-497c-8102-ea4a75964f88', 'context': [<snowplow_tracker.self_describing_json.SelfDescribingJson object at 0xffff85ca6510>]}
[0m04:13:52.582203 [info ] [MainThread]: Registered adapter: duckdb=1.7.3
[0m04:13:52.584594 [debug] [MainThread]: checksum: a8d43cdff37d0f32d7fbe4c5c25bea4bb6c86e162f8ce8fdb1a38cdcf7495431, vars: {}, profile: , target: , version: 1.7.19
[0m04:13:52.596298 [debug] [MainThread]: Partial parsing enabled: 0 files deleted, 0 files added, 0 files changed.
[0m04:13:52.596451 [debug] [MainThread]: Partial parsing enabled, no changes found, skipping parsing
[0m04:13:52.598381 [debug] [MainThread]: Sending event: {'category': 'dbt', 'action': 'load_project', 'label': '9632d4da-81b2-497c-8102-ea4a75964f88', 'context': [<snowplow_tracker.self_describing_json.SelfDescribingJson object at 0xffff85b73d90>]}
[0m04:13:52.601849 [debug] [MainThread]: Sending event: {'category': 'dbt', 'action': 'resource_counts', 'label': '9632d4da-81b2-497c-8102-ea4a75964f88', 'context': [<snowplow_tracker.self_describing_json.SelfDescribingJson object at 0xffff85b96c50>]}
[0m04:13:52.602060 [info ] [MainThread]: Found 2 models, 9 sources, 0 exposures, 0 metrics, 393 macros, 0 groups, 0 semantic models
[0m04:13:52.602220 [debug] [MainThread]: Sending event: {'category': 'dbt', 'action': 'runnable_timing', 'label': '9632d4da-81b2-497c-8102-ea4a75964f88', 'context': [<snowplow_tracker.self_describing_json.SelfDescribingJson object at 0xffff8d593790>]}
[0m04:13:52.602768 [info ] [MainThread]: 
[0m04:13:52.603104 [debug] [MainThread]: Acquiring new duckdb connection 'master'
[0m04:13:52.603506 [debug] [ThreadPool]: Acquiring new duckdb connection 'list_analytics'
[0m04:13:52.607145 [debug] [ThreadPool]: Using duckdb connection "list_analytics"
[0m04:13:52.607289 [debug] [ThreadPool]: On list_analytics: /* {"app": "dbt", "dbt_version": "1.7.19", "profile_name": "ecomm", "target_name": "dev", "connection_name": "list_analytics"} */

    
    select schema_name
    from system.information_schema.schemata
    
    where catalog_name = '"analytics"'
    
  
  
[0m04:13:52.607414 [debug] [ThreadPool]: Opening a new connection, currently in state init
[0m04:13:52.610861 [debug] [ThreadPool]: SQL status: OK in 0.0 seconds
[0m04:13:52.611321 [debug] [ThreadPool]: On list_analytics: Close
[0m04:13:52.612502 [debug] [ThreadPool]: Re-using an available connection from the pool (formerly list_analytics, now create_analytics_main)
[0m04:13:52.612803 [debug] [ThreadPool]: Creating schema "database: "analytics"
schema: "main"
"
[0m04:13:52.614978 [debug] [ThreadPool]: Using duckdb connection "create_analytics_main"
[0m04:13:52.615158 [debug] [ThreadPool]: On create_analytics_main: /* {"app": "dbt", "dbt_version": "1.7.19", "profile_name": "ecomm", "target_name": "dev", "connection_name": "create_analytics_main"} */

    
        select type from duckdb_databases()
        where database_name='analytics'
        and type='sqlite'
    
  
[0m04:13:52.615282 [debug] [ThreadPool]: Opening a new connection, currently in state closed
[0m04:13:52.617829 [debug] [ThreadPool]: SQL status: OK in 0.0 seconds
[0m04:13:52.618284 [debug] [ThreadPool]: Using duckdb connection "create_analytics_main"
[0m04:13:52.618406 [debug] [ThreadPool]: On create_analytics_main: BEGIN
[0m04:13:52.618561 [debug] [ThreadPool]: SQL status: OK in 0.0 seconds
[0m04:13:52.618675 [debug] [ThreadPool]: Using duckdb connection "create_analytics_main"
[0m04:13:52.618786 [debug] [ThreadPool]: On create_analytics_main: /* {"app": "dbt", "dbt_version": "1.7.19", "profile_name": "ecomm", "target_name": "dev", "connection_name": "create_analytics_main"} */

    
    
        create schema if not exists "analytics"."main"
    
[0m04:13:52.618960 [debug] [ThreadPool]: SQL status: OK in 0.0 seconds
[0m04:13:52.619279 [debug] [ThreadPool]: On create_analytics_main: COMMIT
[0m04:13:52.619415 [debug] [ThreadPool]: Using duckdb connection "create_analytics_main"
[0m04:13:52.619519 [debug] [ThreadPool]: On create_analytics_main: COMMIT
[0m04:13:52.619650 [debug] [ThreadPool]: SQL status: OK in 0.0 seconds
[0m04:13:52.619763 [debug] [ThreadPool]: On create_analytics_main: Close
[0m04:13:52.620823 [debug] [ThreadPool]: Acquiring new duckdb connection 'list_analytics_main'
[0m04:13:52.622729 [debug] [ThreadPool]: Using duckdb connection "list_analytics_main"
[0m04:13:52.622850 [debug] [ThreadPool]: On list_analytics_main: BEGIN
[0m04:13:52.622969 [debug] [ThreadPool]: Opening a new connection, currently in state init
[0m04:13:52.625511 [debug] [ThreadPool]: SQL status: OK in 0.0 seconds
[0m04:13:52.625651 [debug] [ThreadPool]: Using duckdb connection "list_analytics_main"
[0m04:13:52.625750 [debug] [ThreadPool]: On list_analytics_main: /* {"app": "dbt", "dbt_version": "1.7.19", "profile_name": "ecomm", "target_name": "dev", "connection_name": "list_analytics_main"} */
select
      'analytics' as database,
      table_name as name,
      table_schema as schema,
      CASE table_type
        WHEN 'BASE TABLE' THEN 'table'
        WHEN 'VIEW' THEN 'view'
        WHEN 'LOCAL TEMPORARY' THEN 'table'
        END as type
    from system.information_schema.tables
    where table_schema = 'main'
    and table_catalog = 'analytics'
  
[0m04:13:52.631421 [debug] [ThreadPool]: SQL status: OK in 0.0 seconds
[0m04:13:52.632934 [debug] [ThreadPool]: On list_analytics_main: ROLLBACK
[0m04:13:52.633217 [debug] [ThreadPool]: Failed to rollback 'list_analytics_main'
[0m04:13:52.633341 [debug] [ThreadPool]: On list_analytics_main: Close
[0m04:13:52.634239 [debug] [MainThread]: Sending event: {'category': 'dbt', 'action': 'runnable_timing', 'label': '9632d4da-81b2-497c-8102-ea4a75964f88', 'context': [<snowplow_tracker.self_describing_json.SelfDescribingJson object at 0xffff8d587690>]}
[0m04:13:52.634404 [debug] [MainThread]: Using duckdb connection "master"
[0m04:13:52.634511 [debug] [MainThread]: On master: BEGIN
[0m04:13:52.634621 [debug] [MainThread]: Opening a new connection, currently in state init
[0m04:13:52.636874 [debug] [MainThread]: SQL status: OK in 0.0 seconds
[0m04:13:52.637028 [debug] [MainThread]: On master: COMMIT
[0m04:13:52.637147 [debug] [MainThread]: Using duckdb connection "master"
[0m04:13:52.637241 [debug] [MainThread]: On master: COMMIT
[0m04:13:52.637363 [debug] [MainThread]: SQL status: OK in 0.0 seconds
[0m04:13:52.637479 [debug] [MainThread]: On master: Close
[0m04:13:52.638040 [info ] [MainThread]: Concurrency: 4 threads (target='dev')
[0m04:13:52.638194 [info ] [MainThread]: 
[0m04:13:52.639375 [debug] [Thread-1 (]: Began running node model.ecomm_analytics.stg_orders
[0m04:13:52.639583 [info ] [Thread-1 (]: 1 of 1 START sql table model main.stg_orders ................................... [RUN]
[0m04:13:52.639946 [debug] [Thread-1 (]: Acquiring new duckdb connection 'model.ecomm_analytics.stg_orders'
[0m04:13:52.640084 [debug] [Thread-1 (]: Began compiling node model.ecomm_analytics.stg_orders
[0m04:13:52.643091 [debug] [Thread-1 (]: Writing injected SQL for node "model.ecomm_analytics.stg_orders"
[0m04:13:52.643505 [debug] [Thread-1 (]: Timing info for model.ecomm_analytics.stg_orders (compile): 04:13:52.640181 => 04:13:52.643426
[0m04:13:52.643632 [debug] [Thread-1 (]: Began executing node model.ecomm_analytics.stg_orders
[0m04:13:52.653291 [debug] [Thread-1 (]: Writing runtime sql for node "model.ecomm_analytics.stg_orders"
[0m04:13:52.653813 [debug] [Thread-1 (]: Using duckdb connection "model.ecomm_analytics.stg_orders"
[0m04:13:52.653950 [debug] [Thread-1 (]: On model.ecomm_analytics.stg_orders: BEGIN
[0m04:13:52.654084 [debug] [Thread-1 (]: Opening a new connection, currently in state init
[0m04:13:52.656686 [debug] [Thread-1 (]: SQL status: OK in 0.0 seconds
[0m04:13:52.656833 [debug] [Thread-1 (]: Using duckdb connection "model.ecomm_analytics.stg_orders"
[0m04:13:52.657015 [debug] [Thread-1 (]: On model.ecomm_analytics.stg_orders: /* {"app": "dbt", "dbt_version": "1.7.19", "profile_name": "ecomm", "target_name": "dev", "node_id": "model.ecomm_analytics.stg_orders"} */

  
    
    

    create  table
      "analytics"."main"."stg_orders__dbt_tmp"
  
    as (
      

select
    order_id
    , customer_id
    , order_status
    , order_purchase_timestamp
    , 
    -- Assume the input timestamp is America/Sao_Paulo and convert to target timezone
    (order_purchase_timestamp::TIMESTAMP AT TIME ZONE 'America/Sao_Paulo' AT TIME ZONE 'America/New_York')
 as order_purchase_timestamp_et
    , order_approved_at
    , 
    -- Assume the input timestamp is America/Sao_Paulo and convert to target timezone
    (order_approved_at::TIMESTAMP AT TIME ZONE 'America/Sao_Paulo' AT TIME ZONE 'America/New_York')
 as order_approved_at_et
    , order_delivered_carrier_date
    , 
    -- Assume the input timestamp is America/Sao_Paulo and convert to target timezone
    (order_delivered_carrier_date::TIMESTAMP AT TIME ZONE 'America/Sao_Paulo' AT TIME ZONE 'America/New_York')
 as order_delivered_carrier_date_et
    , order_delivered_customer_date
    , 
    -- Assume the input timestamp is America/Sao_Paulo and convert to target timezone
    (order_delivered_customer_date::TIMESTAMP AT TIME ZONE 'America/Sao_Paulo' AT TIME ZONE 'America/New_York')
 as order_delivered_customer_date_et
    , order_estimated_delivery_date
    , 
    -- Assume the input timestamp is America/Sao_Paulo and convert to target timezone
    (order_estimated_delivery_date::TIMESTAMP AT TIME ZONE 'America/Sao_Paulo' AT TIME ZONE 'America/New_York')
 as order_estimated_delivery_date_et

from "analytics"."raw"."orders"
    );
  
  
[0m04:13:52.780172 [debug] [Thread-1 (]: SQL status: OK in 0.0 seconds
[0m04:13:52.782672 [debug] [Thread-1 (]: Using duckdb connection "model.ecomm_analytics.stg_orders"
[0m04:13:52.782822 [debug] [Thread-1 (]: On model.ecomm_analytics.stg_orders: /* {"app": "dbt", "dbt_version": "1.7.19", "profile_name": "ecomm", "target_name": "dev", "node_id": "model.ecomm_analytics.stg_orders"} */
alter table "analytics"."main"."stg_orders" rename to "stg_orders__dbt_backup"
[0m04:13:52.783099 [debug] [Thread-1 (]: SQL status: OK in 0.0 seconds
[0m04:13:52.784010 [debug] [Thread-1 (]: Using duckdb connection "model.ecomm_analytics.stg_orders"
[0m04:13:52.784166 [debug] [Thread-1 (]: On model.ecomm_analytics.stg_orders: /* {"app": "dbt", "dbt_version": "1.7.19", "profile_name": "ecomm", "target_name": "dev", "node_id": "model.ecomm_analytics.stg_orders"} */
alter table "analytics"."main"."stg_orders__dbt_tmp" rename to "stg_orders"
[0m04:13:52.784349 [debug] [Thread-1 (]: SQL status: OK in 0.0 seconds
[0m04:13:52.789978 [debug] [Thread-1 (]: On model.ecomm_analytics.stg_orders: COMMIT
[0m04:13:52.790115 [debug] [Thread-1 (]: Using duckdb connection "model.ecomm_analytics.stg_orders"
[0m04:13:52.790259 [debug] [Thread-1 (]: On model.ecomm_analytics.stg_orders: COMMIT
[0m04:13:52.858437 [debug] [Thread-1 (]: SQL status: OK in 0.0 seconds
[0m04:13:52.860222 [debug] [Thread-1 (]: Using duckdb connection "model.ecomm_analytics.stg_orders"
[0m04:13:52.860361 [debug] [Thread-1 (]: On model.ecomm_analytics.stg_orders: /* {"app": "dbt", "dbt_version": "1.7.19", "profile_name": "ecomm", "target_name": "dev", "node_id": "model.ecomm_analytics.stg_orders"} */
drop table if exists "analytics"."main"."stg_orders__dbt_backup" cascade
[0m04:13:52.860764 [debug] [Thread-1 (]: SQL status: OK in 0.0 seconds
[0m04:13:52.861259 [debug] [Thread-1 (]: Timing info for model.ecomm_analytics.stg_orders (execute): 04:13:52.643709 => 04:13:52.861203
[0m04:13:52.861398 [debug] [Thread-1 (]: On model.ecomm_analytics.stg_orders: Close
[0m04:13:52.921359 [debug] [Thread-1 (]: Sending event: {'category': 'dbt', 'action': 'run_model', 'label': '9632d4da-81b2-497c-8102-ea4a75964f88', 'context': [<snowplow_tracker.self_describing_json.SelfDescribingJson object at 0xffff85b73cd0>]}
[0m04:13:52.921666 [info ] [Thread-1 (]: 1 of 1 OK created sql table model main.stg_orders .............................. [[32mOK[0m in 0.28s]
[0m04:13:52.922012 [debug] [Thread-1 (]: Finished running node model.ecomm_analytics.stg_orders
[0m04:13:52.922688 [debug] [MainThread]: Using duckdb connection "master"
[0m04:13:52.922839 [debug] [MainThread]: On master: BEGIN
[0m04:13:52.922981 [debug] [MainThread]: Opening a new connection, currently in state closed
[0m04:13:52.925795 [debug] [MainThread]: SQL status: OK in 0.0 seconds
[0m04:13:52.925938 [debug] [MainThread]: On master: COMMIT
[0m04:13:52.926048 [debug] [MainThread]: Using duckdb connection "master"
[0m04:13:52.926139 [debug] [MainThread]: On master: COMMIT
[0m04:13:52.926271 [debug] [MainThread]: SQL status: OK in 0.0 seconds
[0m04:13:52.926372 [debug] [MainThread]: On master: Close
[0m04:13:52.926907 [debug] [MainThread]: Connection 'master' was properly closed.
[0m04:13:52.927009 [debug] [MainThread]: Connection 'create_analytics_main' was properly closed.
[0m04:13:52.927095 [debug] [MainThread]: Connection 'list_analytics_main' was properly closed.
[0m04:13:52.927178 [debug] [MainThread]: Connection 'model.ecomm_analytics.stg_orders' was properly closed.
[0m04:13:52.927284 [info ] [MainThread]: 
[0m04:13:52.927421 [info ] [MainThread]: Finished running 1 table model in 0 hours 0 minutes and 0.32 seconds (0.32s).
[0m04:13:52.927732 [debug] [MainThread]: Command end result
[0m04:13:52.930508 [info ] [MainThread]: 
[0m04:13:52.930729 [info ] [MainThread]: [32mCompleted successfully[0m
[0m04:13:52.930889 [info ] [MainThread]: 
[0m04:13:52.931199 [info ] [MainThread]: Done. PASS=1 WARN=0 ERROR=0 SKIP=0 TOTAL=1
[0m04:13:52.931657 [debug] [MainThread]: Resource report: {"command_name": "run", "command_success": true, "command_wall_clock_time": 0.42549604, "process_user_time": 0.94728, "process_kernel_time": 0.05341, "process_mem_max_rss": "217644", "process_out_blocks": "53047", "process_in_blocks": "0"}
[0m04:13:52.931839 [debug] [MainThread]: Command `dbt run` succeeded at 04:13:52.931799 after 0.43 seconds
[0m04:13:52.931999 [debug] [MainThread]: Sending event: {'category': 'dbt', 'action': 'invocation', 'label': 'end', 'context': [<snowplow_tracker.self_describing_json.SelfDescribingJson object at 0xffff8d3fb590>, <snowplow_tracker.self_describing_json.SelfDescribingJson object at 0xffff8d3fb550>, <snowplow_tracker.self_describing_json.SelfDescribingJson object at 0xffff8d3fb790>]}
[0m04:13:52.932130 [debug] [MainThread]: Flushing usage events
[0m04:14:56.166335 [debug] [MainThread]: Sending event: {'category': 'dbt', 'action': 'invocation', 'label': 'start', 'context': [<snowplow_tracker.self_describing_json.SelfDescribingJson object at 0xffffb652ea10>, <snowplow_tracker.self_describing_json.SelfDescribingJson object at 0xffffb64d3c50>, <snowplow_tracker.self_describing_json.SelfDescribingJson object at 0xffffb67dbe50>]}


============================== 04:14:56.167394 | e6e420a0-20dd-448e-b2af-fdebff1ccc13 ==============================
[0m04:14:56.167394 [info ] [MainThread]: Running with dbt=1.7.19
[0m04:14:56.167627 [debug] [MainThread]: running dbt with arguments {'printer_width': '80', 'indirect_selection': 'eager', 'log_cache_events': 'False', 'write_json': 'True', 'partial_parse': 'True', 'cache_selected_only': 'False', 'warn_error': 'None', 'version_check': 'True', 'profiles_dir': '/app/dbt_project', 'log_path': '/app/dbt_project/logs', 'fail_fast': 'False', 'debug': 'False', 'use_colors': 'True', 'use_experimental_parser': 'False', 'no_print': 'None', 'quiet': 'False', 'log_format': 'default', 'introspect': 'True', 'warn_error_options': 'WarnErrorOptions(include=[], exclude=[])', 'static_parser': 'True', 'target_path': 'None', 'invocation_command': 'dbt ls --select stg_orders', 'send_anonymous_usage_stats': 'True'}
[0m04:14:56.216391 [debug] [MainThread]: Sending event: {'category': 'dbt', 'action': 'project_id', 'label': 'e6e420a0-20dd-448e-b2af-fdebff1ccc13', 'context': [<snowplow_tracker.self_describing_json.SelfDescribingJson object at 0xffffb36e7450>]}
[0m04:14:56.231549 [debug] [MainThread]: Sending event: {'category': 'dbt', 'action': 'adapter_info', 'label': 'e6e420a0-20dd-448e-b2af-fdebff1ccc13', 'context': [<snowplow_tracker.self_describing_json.SelfDescribingJson object at 0xffffb63f5910>]}
[0m04:14:56.231807 [info ] [MainThread]: Registered adapter: duckdb=1.7.3
[0m04:14:56.234233 [debug] [MainThread]: checksum: a8d43cdff37d0f32d7fbe4c5c25bea4bb6c86e162f8ce8fdb1a38cdcf7495431, vars: {}, profile: , target: , version: 1.7.19
[0m04:14:56.242790 [debug] [MainThread]: Partial parsing enabled: 0 files deleted, 0 files added, 0 files changed.
[0m04:14:56.242936 [debug] [MainThread]: Partial parsing enabled, no changes found, skipping parsing
[0m04:14:56.244927 [debug] [MainThread]: Sending event: {'category': 'dbt', 'action': 'load_project', 'label': 'e6e420a0-20dd-448e-b2af-fdebff1ccc13', 'context': [<snowplow_tracker.self_describing_json.SelfDescribingJson object at 0xffffaeb4f450>]}
[0m04:14:56.248512 [debug] [MainThread]: Sending event: {'category': 'dbt', 'action': 'resource_counts', 'label': 'e6e420a0-20dd-448e-b2af-fdebff1ccc13', 'context': [<snowplow_tracker.self_describing_json.SelfDescribingJson object at 0xffffaea97810>]}
[0m04:14:56.248677 [info ] [MainThread]: Found 2 models, 9 sources, 0 exposures, 0 metrics, 393 macros, 0 groups, 0 semantic models
[0m04:14:56.248819 [debug] [MainThread]: Sending event: {'category': 'dbt', 'action': 'runnable_timing', 'label': 'e6e420a0-20dd-448e-b2af-fdebff1ccc13', 'context': [<snowplow_tracker.self_describing_json.SelfDescribingJson object at 0xffffb6382890>]}
[0m04:14:56.249329 [debug] [MainThread]: Resource report: {"command_name": "list", "command_success": true, "command_wall_clock_time": 0.09449729, "process_user_time": 0.593552, "process_kernel_time": 0.03386, "process_mem_max_rss": "134652", "process_out_blocks": "783", "process_in_blocks": "0"}
[0m04:14:56.249508 [debug] [MainThread]: Command `dbt ls` succeeded at 04:14:56.249472 after 0.09 seconds
[0m04:14:56.249630 [debug] [MainThread]: Sending event: {'category': 'dbt', 'action': 'invocation', 'label': 'end', 'context': [<snowplow_tracker.self_describing_json.SelfDescribingJson object at 0xffffb67e4390>, <snowplow_tracker.self_describing_json.SelfDescribingJson object at 0xffffb68f1a90>, <snowplow_tracker.self_describing_json.SelfDescribingJson object at 0xffffb3706090>]}
[0m04:14:56.249771 [debug] [MainThread]: Flushing usage events
[0m04:32:54.175309 [debug] [MainThread]: Sending event: {'category': 'dbt', 'action': 'invocation', 'label': 'start', 'context': [<snowplow_tracker.self_describing_json.SelfDescribingJson object at 0xffff9f5ef190>, <snowplow_tracker.self_describing_json.SelfDescribingJson object at 0xffff9ee172d0>, <snowplow_tracker.self_describing_json.SelfDescribingJson object at 0xffff9f350550>]}


============================== 04:32:54.178572 | ad9aa1a3-b07e-4e72-b6d0-f3a5f0f55de4 ==============================
[0m04:32:54.178572 [info ] [MainThread]: Running with dbt=1.7.19
[0m04:32:54.178870 [debug] [MainThread]: running dbt with arguments {'printer_width': '80', 'indirect_selection': 'eager', 'write_json': 'True', 'log_cache_events': 'False', 'partial_parse': 'True', 'cache_selected_only': 'False', 'profiles_dir': '/app/dbt_project', 'version_check': 'True', 'debug': 'False', 'log_path': '/app/dbt_project/logs', 'fail_fast': 'False', 'warn_error': 'None', 'use_colors': 'True', 'use_experimental_parser': 'False', 'no_print': 'None', 'quiet': 'False', 'log_format': 'default', 'static_parser': 'True', 'invocation_command': 'dbt run', 'introspect': 'True', 'target_path': 'None', 'warn_error_options': 'WarnErrorOptions(include=[], exclude=[])', 'send_anonymous_usage_stats': 'True'}
[0m04:32:54.228958 [debug] [MainThread]: Sending event: {'category': 'dbt', 'action': 'project_id', 'label': 'ad9aa1a3-b07e-4e72-b6d0-f3a5f0f55de4', 'context': [<snowplow_tracker.self_describing_json.SelfDescribingJson object at 0xffff9f3cbe90>]}
[0m04:32:54.244663 [debug] [MainThread]: Sending event: {'category': 'dbt', 'action': 'adapter_info', 'label': 'ad9aa1a3-b07e-4e72-b6d0-f3a5f0f55de4', 'context': [<snowplow_tracker.self_describing_json.SelfDescribingJson object at 0xffff9e109690>]}
[0m04:32:54.244962 [info ] [MainThread]: Registered adapter: duckdb=1.7.3
[0m04:32:54.247570 [debug] [MainThread]: checksum: a8d43cdff37d0f32d7fbe4c5c25bea4bb6c86e162f8ce8fdb1a38cdcf7495431, vars: {}, profile: , target: , version: 1.7.19
[0m04:32:54.250690 [info ] [MainThread]: Unable to do partial parsing because of a version mismatch
[0m04:32:54.250895 [debug] [MainThread]: Sending event: {'category': 'dbt', 'action': 'partial_parser', 'label': 'ad9aa1a3-b07e-4e72-b6d0-f3a5f0f55de4', 'context': [<snowplow_tracker.self_describing_json.SelfDescribingJson object at 0xffff966aba90>]}
[0m04:32:54.515401 [debug] [MainThread]: Sending event: {'category': 'dbt', 'action': 'load_project', 'label': 'ad9aa1a3-b07e-4e72-b6d0-f3a5f0f55de4', 'context': [<snowplow_tracker.self_describing_json.SelfDescribingJson object at 0xffff96863210>]}
[0m04:32:54.519627 [debug] [MainThread]: Sending event: {'category': 'dbt', 'action': 'resource_counts', 'label': 'ad9aa1a3-b07e-4e72-b6d0-f3a5f0f55de4', 'context': [<snowplow_tracker.self_describing_json.SelfDescribingJson object at 0xffff951f6050>]}
[0m04:32:54.519823 [info ] [MainThread]: Found 2 models, 9 sources, 0 exposures, 0 metrics, 393 macros, 0 groups, 0 semantic models
[0m04:32:54.520009 [debug] [MainThread]: Sending event: {'category': 'dbt', 'action': 'runnable_timing', 'label': 'ad9aa1a3-b07e-4e72-b6d0-f3a5f0f55de4', 'context': [<snowplow_tracker.self_describing_json.SelfDescribingJson object at 0xffff9669b9d0>]}
[0m04:32:54.520682 [info ] [MainThread]: 
[0m04:32:54.521012 [debug] [MainThread]: Acquiring new duckdb connection 'master'
[0m04:32:54.521420 [debug] [ThreadPool]: Acquiring new duckdb connection 'list_analytics'
[0m04:32:54.525021 [debug] [ThreadPool]: Using duckdb connection "list_analytics"
[0m04:32:54.525167 [debug] [ThreadPool]: On list_analytics: /* {"app": "dbt", "dbt_version": "1.7.19", "profile_name": "ecomm", "target_name": "dev", "connection_name": "list_analytics"} */

    
    select schema_name
    from system.information_schema.schemata
    
    where catalog_name = '"analytics"'
    
  
  
[0m04:32:54.525283 [debug] [ThreadPool]: Opening a new connection, currently in state init
[0m04:32:55.038911 [debug] [ThreadPool]: SQL status: OK in 1.0 seconds
[0m04:32:55.039485 [debug] [ThreadPool]: On list_analytics: Close
[0m04:32:55.040615 [debug] [ThreadPool]: Re-using an available connection from the pool (formerly list_analytics, now create_analytics_main)
[0m04:32:55.040902 [debug] [ThreadPool]: Creating schema "database: "analytics"
schema: "main"
"
[0m04:32:55.043101 [debug] [ThreadPool]: Using duckdb connection "create_analytics_main"
[0m04:32:55.043247 [debug] [ThreadPool]: On create_analytics_main: /* {"app": "dbt", "dbt_version": "1.7.19", "profile_name": "ecomm", "target_name": "dev", "connection_name": "create_analytics_main"} */

    
        select type from duckdb_databases()
        where database_name='analytics'
        and type='sqlite'
    
  
[0m04:32:55.043388 [debug] [ThreadPool]: Opening a new connection, currently in state closed
[0m04:32:55.045975 [debug] [ThreadPool]: SQL status: OK in 0.0 seconds
[0m04:32:55.046405 [debug] [ThreadPool]: Using duckdb connection "create_analytics_main"
[0m04:32:55.046522 [debug] [ThreadPool]: On create_analytics_main: BEGIN
[0m04:32:55.046656 [debug] [ThreadPool]: SQL status: OK in 0.0 seconds
[0m04:32:55.046747 [debug] [ThreadPool]: Using duckdb connection "create_analytics_main"
[0m04:32:55.046850 [debug] [ThreadPool]: On create_analytics_main: /* {"app": "dbt", "dbt_version": "1.7.19", "profile_name": "ecomm", "target_name": "dev", "connection_name": "create_analytics_main"} */

    
    
        create schema if not exists "analytics"."main"
    
[0m04:32:55.047048 [debug] [ThreadPool]: SQL status: OK in 0.0 seconds
[0m04:32:55.047313 [debug] [ThreadPool]: On create_analytics_main: COMMIT
[0m04:32:55.047427 [debug] [ThreadPool]: Using duckdb connection "create_analytics_main"
[0m04:32:55.047517 [debug] [ThreadPool]: On create_analytics_main: COMMIT
[0m04:32:55.047653 [debug] [ThreadPool]: SQL status: OK in 0.0 seconds
[0m04:32:55.047774 [debug] [ThreadPool]: On create_analytics_main: Close
[0m04:32:55.048819 [debug] [ThreadPool]: Acquiring new duckdb connection 'list_analytics_main'
[0m04:32:55.050746 [debug] [ThreadPool]: Using duckdb connection "list_analytics_main"
[0m04:32:55.050893 [debug] [ThreadPool]: On list_analytics_main: BEGIN
[0m04:32:55.051023 [debug] [ThreadPool]: Opening a new connection, currently in state init
[0m04:32:55.053512 [debug] [ThreadPool]: SQL status: OK in 0.0 seconds
[0m04:32:55.053641 [debug] [ThreadPool]: Using duckdb connection "list_analytics_main"
[0m04:32:55.053767 [debug] [ThreadPool]: On list_analytics_main: /* {"app": "dbt", "dbt_version": "1.7.19", "profile_name": "ecomm", "target_name": "dev", "connection_name": "list_analytics_main"} */
select
      'analytics' as database,
      table_name as name,
      table_schema as schema,
      CASE table_type
        WHEN 'BASE TABLE' THEN 'table'
        WHEN 'VIEW' THEN 'view'
        WHEN 'LOCAL TEMPORARY' THEN 'table'
        END as type
    from system.information_schema.tables
    where table_schema = 'main'
    and table_catalog = 'analytics'
  
[0m04:32:55.060370 [debug] [ThreadPool]: SQL status: OK in 0.0 seconds
[0m04:32:55.060742 [debug] [ThreadPool]: On list_analytics_main: ROLLBACK
[0m04:32:55.061020 [debug] [ThreadPool]: Failed to rollback 'list_analytics_main'
[0m04:32:55.061174 [debug] [ThreadPool]: On list_analytics_main: Close
[0m04:32:55.061935 [debug] [MainThread]: Sending event: {'category': 'dbt', 'action': 'runnable_timing', 'label': 'ad9aa1a3-b07e-4e72-b6d0-f3a5f0f55de4', 'context': [<snowplow_tracker.self_describing_json.SelfDescribingJson object at 0xffff96935a90>]}
[0m04:32:55.062108 [debug] [MainThread]: Using duckdb connection "master"
[0m04:32:55.062222 [debug] [MainThread]: On master: BEGIN
[0m04:32:55.062314 [debug] [MainThread]: Opening a new connection, currently in state init
[0m04:32:55.064567 [debug] [MainThread]: SQL status: OK in 0.0 seconds
[0m04:32:55.064690 [debug] [MainThread]: On master: COMMIT
[0m04:32:55.064789 [debug] [MainThread]: Using duckdb connection "master"
[0m04:32:55.064876 [debug] [MainThread]: On master: COMMIT
[0m04:32:55.065004 [debug] [MainThread]: SQL status: OK in 0.0 seconds
[0m04:32:55.065106 [debug] [MainThread]: On master: Close
[0m04:32:55.065633 [info ] [MainThread]: Concurrency: 4 threads (target='dev')
[0m04:32:55.065792 [info ] [MainThread]: 
[0m04:32:55.068991 [debug] [Thread-1 (]: Began running node model.ecomm_analytics.stg_order_item
[0m04:32:55.069136 [debug] [Thread-2 (]: Began running node model.ecomm_analytics.stg_orders
[0m04:32:55.069324 [info ] [Thread-1 (]: 1 of 2 START sql table model main.stg_order_item ............................... [RUN]
[0m04:32:55.069977 [debug] [Thread-1 (]: Acquiring new duckdb connection 'model.ecomm_analytics.stg_order_item'
[0m04:32:55.069575 [info ] [Thread-2 (]: 2 of 2 START sql table model main.stg_orders ................................... [RUN]
[0m04:32:55.070373 [debug] [Thread-2 (]: Acquiring new duckdb connection 'model.ecomm_analytics.stg_orders'
[0m04:32:55.070134 [debug] [Thread-1 (]: Began compiling node model.ecomm_analytics.stg_order_item
[0m04:32:55.070499 [debug] [Thread-2 (]: Began compiling node model.ecomm_analytics.stg_orders
[0m04:32:55.074075 [debug] [Thread-2 (]: Writing injected SQL for node "model.ecomm_analytics.stg_orders"
[0m04:32:55.072827 [debug] [Thread-1 (]: Writing injected SQL for node "model.ecomm_analytics.stg_order_item"
[0m04:32:55.077273 [debug] [Thread-1 (]: Timing info for model.ecomm_analytics.stg_order_item (compile): 04:32:55.070590 => 04:32:55.077192
[0m04:32:55.077409 [debug] [Thread-2 (]: Timing info for model.ecomm_analytics.stg_orders (compile): 04:32:55.072937 => 04:32:55.077322
[0m04:32:55.077640 [debug] [Thread-2 (]: Began executing node model.ecomm_analytics.stg_orders
[0m04:32:55.077517 [debug] [Thread-1 (]: Began executing node model.ecomm_analytics.stg_order_item
[0m04:32:55.087319 [debug] [Thread-2 (]: Writing runtime sql for node "model.ecomm_analytics.stg_orders"
[0m04:32:55.088479 [debug] [Thread-1 (]: Writing runtime sql for node "model.ecomm_analytics.stg_order_item"
[0m04:32:55.089116 [debug] [Thread-1 (]: Using duckdb connection "model.ecomm_analytics.stg_order_item"
[0m04:32:55.089375 [debug] [Thread-1 (]: On model.ecomm_analytics.stg_order_item: BEGIN
[0m04:32:55.089261 [debug] [Thread-2 (]: Using duckdb connection "model.ecomm_analytics.stg_orders"
[0m04:32:55.089609 [debug] [Thread-2 (]: On model.ecomm_analytics.stg_orders: BEGIN
[0m04:32:55.089493 [debug] [Thread-1 (]: Opening a new connection, currently in state init
[0m04:32:55.089717 [debug] [Thread-2 (]: Opening a new connection, currently in state init
[0m04:32:55.092269 [debug] [Thread-2 (]: SQL status: OK in 0.0 seconds
[0m04:32:55.092044 [debug] [Thread-1 (]: SQL status: OK in 0.0 seconds
[0m04:32:55.092519 [debug] [Thread-1 (]: Using duckdb connection "model.ecomm_analytics.stg_order_item"
[0m04:32:55.092396 [debug] [Thread-2 (]: Using duckdb connection "model.ecomm_analytics.stg_orders"
[0m04:32:55.092767 [debug] [Thread-2 (]: On model.ecomm_analytics.stg_orders: /* {"app": "dbt", "dbt_version": "1.7.19", "profile_name": "ecomm", "target_name": "dev", "node_id": "model.ecomm_analytics.stg_orders"} */

  
    
    

    create  table
      "analytics"."main"."stg_orders__dbt_tmp"
  
    as (
      

select
    order_id
    , customer_id
    , order_status
    , order_purchase_timestamp
    , 
    -- Assume the input timestamp is America/Sao_Paulo and convert to target timezone
    (order_purchase_timestamp::TIMESTAMP AT TIME ZONE 'America/Sao_Paulo' AT TIME ZONE 'America/New_York')
 as order_purchase_timestamp_et
    , order_approved_at
    , 
    -- Assume the input timestamp is America/Sao_Paulo and convert to target timezone
    (order_approved_at::TIMESTAMP AT TIME ZONE 'America/Sao_Paulo' AT TIME ZONE 'America/New_York')
 as order_approved_at_et
    , order_delivered_carrier_date
    , 
    -- Assume the input timestamp is America/Sao_Paulo and convert to target timezone
    (order_delivered_carrier_date::TIMESTAMP AT TIME ZONE 'America/Sao_Paulo' AT TIME ZONE 'America/New_York')
 as order_delivered_carrier_date_et
    , order_delivered_customer_date
    , 
    -- Assume the input timestamp is America/Sao_Paulo and convert to target timezone
    (order_delivered_customer_date::TIMESTAMP AT TIME ZONE 'America/Sao_Paulo' AT TIME ZONE 'America/New_York')
 as order_delivered_customer_date_et
    , order_estimated_delivery_date
    , 
    -- Assume the input timestamp is America/Sao_Paulo and convert to target timezone
    (order_estimated_delivery_date::TIMESTAMP AT TIME ZONE 'America/Sao_Paulo' AT TIME ZONE 'America/New_York')
 as order_estimated_delivery_date_et

from "analytics"."raw"."orders"
    );
  
  
[0m04:32:55.092635 [debug] [Thread-1 (]: On model.ecomm_analytics.stg_order_item: /* {"app": "dbt", "dbt_version": "1.7.19", "profile_name": "ecomm", "target_name": "dev", "node_id": "model.ecomm_analytics.stg_order_item"} */

  
    
    

    create  table
      "analytics"."main"."stg_order_item__dbt_tmp"
  
    as (
      

select


from "analytics"."raw"."order_items"
    );
  
  
[0m04:32:55.093662 [debug] [Thread-1 (]: Timing info for model.ecomm_analytics.stg_order_item (execute): 04:32:55.087422 => 04:32:55.093600
[0m04:32:55.094019 [debug] [Thread-1 (]: On model.ecomm_analytics.stg_order_item: ROLLBACK
[0m04:32:55.095308 [debug] [Thread-1 (]: Failed to rollback 'model.ecomm_analytics.stg_order_item'
[0m04:32:55.095591 [debug] [Thread-1 (]: On model.ecomm_analytics.stg_order_item: Close
[0m04:32:55.096509 [debug] [Thread-1 (]: Runtime Error in model stg_order_item (models/staging/stg_order_item.sql)
  Parser Error: SELECT clause without selection list
[0m04:32:55.096806 [debug] [Thread-1 (]: Sending event: {'category': 'dbt', 'action': 'run_model', 'label': 'ad9aa1a3-b07e-4e72-b6d0-f3a5f0f55de4', 'context': [<snowplow_tracker.self_describing_json.SelfDescribingJson object at 0xffff951e2110>]}
[0m04:32:55.097147 [error] [Thread-1 (]: 1 of 2 ERROR creating sql table model main.stg_order_item ...................... [[31mERROR[0m in 0.03s]
[0m04:32:55.097502 [debug] [Thread-1 (]: Finished running node model.ecomm_analytics.stg_order_item
[0m04:32:55.207242 [debug] [Thread-2 (]: SQL status: OK in 0.0 seconds
[0m04:32:55.209478 [debug] [Thread-2 (]: Using duckdb connection "model.ecomm_analytics.stg_orders"
[0m04:32:55.209634 [debug] [Thread-2 (]: On model.ecomm_analytics.stg_orders: /* {"app": "dbt", "dbt_version": "1.7.19", "profile_name": "ecomm", "target_name": "dev", "node_id": "model.ecomm_analytics.stg_orders"} */
alter table "analytics"."main"."stg_orders__dbt_tmp" rename to "stg_orders"
[0m04:32:55.209934 [debug] [Thread-2 (]: SQL status: OK in 0.0 seconds
[0m04:32:55.214978 [debug] [Thread-2 (]: On model.ecomm_analytics.stg_orders: COMMIT
[0m04:32:55.215135 [debug] [Thread-2 (]: Using duckdb connection "model.ecomm_analytics.stg_orders"
[0m04:32:55.215264 [debug] [Thread-2 (]: On model.ecomm_analytics.stg_orders: COMMIT
[0m04:32:55.286378 [debug] [Thread-2 (]: SQL status: OK in 0.0 seconds
[0m04:32:55.288135 [debug] [Thread-2 (]: Using duckdb connection "model.ecomm_analytics.stg_orders"
[0m04:32:55.288270 [debug] [Thread-2 (]: On model.ecomm_analytics.stg_orders: /* {"app": "dbt", "dbt_version": "1.7.19", "profile_name": "ecomm", "target_name": "dev", "node_id": "model.ecomm_analytics.stg_orders"} */
drop table if exists "analytics"."main"."stg_orders__dbt_backup" cascade
[0m04:32:55.288531 [debug] [Thread-2 (]: SQL status: OK in 0.0 seconds
[0m04:32:55.289027 [debug] [Thread-2 (]: Timing info for model.ecomm_analytics.stg_orders (execute): 04:32:55.077724 => 04:32:55.288971
[0m04:32:55.289159 [debug] [Thread-2 (]: On model.ecomm_analytics.stg_orders: Close
[0m04:32:55.329695 [debug] [Thread-2 (]: Sending event: {'category': 'dbt', 'action': 'run_model', 'label': 'ad9aa1a3-b07e-4e72-b6d0-f3a5f0f55de4', 'context': [<snowplow_tracker.self_describing_json.SelfDescribingJson object at 0xffff9522ea10>]}
[0m04:32:55.329998 [info ] [Thread-2 (]: 2 of 2 OK created sql table model main.stg_orders .............................. [[32mOK[0m in 0.26s]
[0m04:32:55.330248 [debug] [Thread-2 (]: Finished running node model.ecomm_analytics.stg_orders
[0m04:32:55.331326 [debug] [MainThread]: Using duckdb connection "master"
[0m04:32:55.331462 [debug] [MainThread]: On master: BEGIN
[0m04:32:55.331563 [debug] [MainThread]: Opening a new connection, currently in state closed
[0m04:32:55.334278 [debug] [MainThread]: SQL status: OK in 0.0 seconds
[0m04:32:55.334408 [debug] [MainThread]: On master: COMMIT
[0m04:32:55.334521 [debug] [MainThread]: Using duckdb connection "master"
[0m04:32:55.334614 [debug] [MainThread]: On master: COMMIT
[0m04:32:55.334753 [debug] [MainThread]: SQL status: OK in 0.0 seconds
[0m04:32:55.334871 [debug] [MainThread]: On master: Close
[0m04:32:55.335407 [debug] [MainThread]: Connection 'master' was properly closed.
[0m04:32:55.335515 [debug] [MainThread]: Connection 'create_analytics_main' was properly closed.
[0m04:32:55.335599 [debug] [MainThread]: Connection 'list_analytics_main' was properly closed.
[0m04:32:55.335684 [debug] [MainThread]: Connection 'model.ecomm_analytics.stg_order_item' was properly closed.
[0m04:32:55.335759 [debug] [MainThread]: Connection 'model.ecomm_analytics.stg_orders' was properly closed.
[0m04:32:55.335882 [info ] [MainThread]: 
[0m04:32:55.336009 [info ] [MainThread]: Finished running 2 table models in 0 hours 0 minutes and 0.82 seconds (0.82s).
[0m04:32:55.336393 [debug] [MainThread]: Command end result
[0m04:32:55.341329 [info ] [MainThread]: 
[0m04:32:55.341522 [info ] [MainThread]: [31mCompleted with 1 error and 0 warnings:[0m
[0m04:32:55.341755 [info ] [MainThread]: 
[0m04:32:55.341998 [error] [MainThread]:   Runtime Error in model stg_order_item (models/staging/stg_order_item.sql)
  Parser Error: SELECT clause without selection list
[0m04:32:55.342177 [info ] [MainThread]: 
[0m04:32:55.342371 [info ] [MainThread]: Done. PASS=1 WARN=0 ERROR=1 SKIP=0 TOTAL=2
[0m04:32:55.342764 [debug] [MainThread]: Resource report: {"command_name": "run", "command_wall_clock_time": 1.1789945, "process_user_time": 1.208462, "process_kernel_time": 0.169306, "process_mem_max_rss": "242064", "process_out_blocks": "135069", "command_success": false, "process_in_blocks": "0"}
[0m04:32:55.342956 [debug] [MainThread]: Command `dbt run` failed at 04:32:55.342919 after 1.18 seconds
[0m04:32:55.343109 [debug] [MainThread]: Sending event: {'category': 'dbt', 'action': 'invocation', 'label': 'end', 'context': [<snowplow_tracker.self_describing_json.SelfDescribingJson object at 0xffffa3420cd0>, <snowplow_tracker.self_describing_json.SelfDescribingJson object at 0xffff952cb650>, <snowplow_tracker.self_describing_json.SelfDescribingJson object at 0xffff952c8dd0>]}
[0m04:32:55.343238 [debug] [MainThread]: Flushing usage events
[0m04:33:29.270855 [debug] [MainThread]: Sending event: {'category': 'dbt', 'action': 'invocation', 'label': 'start', 'context': [<snowplow_tracker.self_describing_json.SelfDescribingJson object at 0xffff8d72af90>, <snowplow_tracker.self_describing_json.SelfDescribingJson object at 0xffff8d723b10>, <snowplow_tracker.self_describing_json.SelfDescribingJson object at 0xffff8d72bc90>]}


============================== 04:33:29.271890 | 2e997b80-1340-45ed-94ff-73cbeb4b2d22 ==============================
[0m04:33:29.271890 [info ] [MainThread]: Running with dbt=1.7.19
[0m04:33:29.272210 [debug] [MainThread]: running dbt with arguments {'printer_width': '80', 'indirect_selection': 'eager', 'log_cache_events': 'False', 'write_json': 'True', 'partial_parse': 'True', 'cache_selected_only': 'False', 'warn_error': 'None', 'debug': 'False', 'profiles_dir': '/app/dbt_project', 'log_path': '/app/dbt_project/logs', 'fail_fast': 'False', 'version_check': 'True', 'use_colors': 'True', 'use_experimental_parser': 'False', 'no_print': 'None', 'quiet': 'False', 'log_format': 'default', 'introspect': 'True', 'invocation_command': 'dbt run -s stg', 'warn_error_options': 'WarnErrorOptions(include=[], exclude=[])', 'target_path': 'None', 'static_parser': 'True', 'send_anonymous_usage_stats': 'True'}
[0m04:33:29.321142 [debug] [MainThread]: Sending event: {'category': 'dbt', 'action': 'project_id', 'label': '2e997b80-1340-45ed-94ff-73cbeb4b2d22', 'context': [<snowplow_tracker.self_describing_json.SelfDescribingJson object at 0xffff85e402d0>]}
[0m04:33:29.336494 [debug] [MainThread]: Sending event: {'category': 'dbt', 'action': 'adapter_info', 'label': '2e997b80-1340-45ed-94ff-73cbeb4b2d22', 'context': [<snowplow_tracker.self_describing_json.SelfDescribingJson object at 0xffff8d59fa50>]}
[0m04:33:29.336759 [info ] [MainThread]: Registered adapter: duckdb=1.7.3
[0m04:33:29.339217 [debug] [MainThread]: checksum: a8d43cdff37d0f32d7fbe4c5c25bea4bb6c86e162f8ce8fdb1a38cdcf7495431, vars: {}, profile: , target: , version: 1.7.19
[0m04:33:29.347847 [debug] [MainThread]: Partial parsing enabled: 0 files deleted, 0 files added, 0 files changed.
[0m04:33:29.348003 [debug] [MainThread]: Partial parsing enabled, no changes found, skipping parsing
[0m04:33:29.349944 [debug] [MainThread]: Sending event: {'category': 'dbt', 'action': 'load_project', 'label': '2e997b80-1340-45ed-94ff-73cbeb4b2d22', 'context': [<snowplow_tracker.self_describing_json.SelfDescribingJson object at 0xffff85d46a10>]}
[0m04:33:29.353426 [debug] [MainThread]: Sending event: {'category': 'dbt', 'action': 'resource_counts', 'label': '2e997b80-1340-45ed-94ff-73cbeb4b2d22', 'context': [<snowplow_tracker.self_describing_json.SelfDescribingJson object at 0xffff85d66b90>]}
[0m04:33:29.353593 [info ] [MainThread]: Found 2 models, 9 sources, 0 exposures, 0 metrics, 393 macros, 0 groups, 0 semantic models
[0m04:33:29.353763 [debug] [MainThread]: Sending event: {'category': 'dbt', 'action': 'runnable_timing', 'label': '2e997b80-1340-45ed-94ff-73cbeb4b2d22', 'context': [<snowplow_tracker.self_describing_json.SelfDescribingJson object at 0xffff85ee0b50>]}
[0m04:33:29.354036 [warn ] [MainThread]: The selection criterion 'stg' does not match any nodes
[0m04:33:29.354466 [info ] [MainThread]: 
[0m04:33:29.354612 [warn ] [MainThread]: Nothing to do. Try checking your model configs and model specification args
[0m04:33:29.354797 [debug] [MainThread]: Command end result
[0m04:33:29.357156 [debug] [MainThread]: Resource report: {"command_name": "run", "command_success": true, "command_wall_clock_time": 0.09783062, "process_user_time": 0.595434, "process_kernel_time": 0.038897, "process_mem_max_rss": "134876", "process_out_blocks": "1547", "process_in_blocks": "0"}
[0m04:33:29.357357 [debug] [MainThread]: Command `dbt run` succeeded at 04:33:29.357315 after 0.10 seconds
[0m04:33:29.357510 [debug] [MainThread]: Sending event: {'category': 'dbt', 'action': 'invocation', 'label': 'end', 'context': [<snowplow_tracker.self_describing_json.SelfDescribingJson object at 0xffff928d25d0>, <snowplow_tracker.self_describing_json.SelfDescribingJson object at 0xffff92970550>, <snowplow_tracker.self_describing_json.SelfDescribingJson object at 0xffff92971390>]}
[0m04:33:29.357649 [debug] [MainThread]: Flushing usage events
[0m04:33:33.489111 [debug] [MainThread]: Sending event: {'category': 'dbt', 'action': 'invocation', 'label': 'start', 'context': [<snowplow_tracker.self_describing_json.SelfDescribingJson object at 0xffffad1db8d0>, <snowplow_tracker.self_describing_json.SelfDescribingJson object at 0xffffade0f250>, <snowplow_tracker.self_describing_json.SelfDescribingJson object at 0xffffad4e4190>]}


============================== 04:33:33.490119 | 8efe7ff4-40c2-4b93-8f9f-9ebdf5f26428 ==============================
[0m04:33:33.490119 [info ] [MainThread]: Running with dbt=1.7.19
[0m04:33:33.490434 [debug] [MainThread]: running dbt with arguments {'printer_width': '80', 'indirect_selection': 'eager', 'write_json': 'True', 'log_cache_events': 'False', 'partial_parse': 'True', 'cache_selected_only': 'False', 'warn_error': 'None', 'fail_fast': 'False', 'version_check': 'True', 'log_path': '/app/dbt_project/logs', 'debug': 'False', 'profiles_dir': '/app/dbt_project', 'use_colors': 'True', 'use_experimental_parser': 'False', 'no_print': 'None', 'quiet': 'False', 'warn_error_options': 'WarnErrorOptions(include=[], exclude=[])', 'invocation_command': 'dbt run -s stg_orders', 'introspect': 'True', 'static_parser': 'True', 'target_path': 'None', 'log_format': 'default', 'send_anonymous_usage_stats': 'True'}
[0m04:33:33.540758 [debug] [MainThread]: Sending event: {'category': 'dbt', 'action': 'project_id', 'label': '8efe7ff4-40c2-4b93-8f9f-9ebdf5f26428', 'context': [<snowplow_tracker.self_describing_json.SelfDescribingJson object at 0xffffad04fd50>]}
[0m04:33:33.579218 [debug] [MainThread]: Sending event: {'category': 'dbt', 'action': 'adapter_info', 'label': '8efe7ff4-40c2-4b93-8f9f-9ebdf5f26428', 'context': [<snowplow_tracker.self_describing_json.SelfDescribingJson object at 0xffffad0f7e50>]}
[0m04:33:33.580084 [info ] [MainThread]: Registered adapter: duckdb=1.7.3
[0m04:33:33.584678 [debug] [MainThread]: checksum: a8d43cdff37d0f32d7fbe4c5c25bea4bb6c86e162f8ce8fdb1a38cdcf7495431, vars: {}, profile: , target: , version: 1.7.19
[0m04:33:33.595839 [debug] [MainThread]: Partial parsing enabled: 0 files deleted, 0 files added, 0 files changed.
[0m04:33:33.596054 [debug] [MainThread]: Partial parsing enabled, no changes found, skipping parsing
[0m04:33:33.598261 [debug] [MainThread]: Sending event: {'category': 'dbt', 'action': 'load_project', 'label': '8efe7ff4-40c2-4b93-8f9f-9ebdf5f26428', 'context': [<snowplow_tracker.self_describing_json.SelfDescribingJson object at 0xffffa5870990>]}
[0m04:33:33.601808 [debug] [MainThread]: Sending event: {'category': 'dbt', 'action': 'resource_counts', 'label': '8efe7ff4-40c2-4b93-8f9f-9ebdf5f26428', 'context': [<snowplow_tracker.self_describing_json.SelfDescribingJson object at 0xffffa5796ad0>]}
[0m04:33:33.601973 [info ] [MainThread]: Found 2 models, 9 sources, 0 exposures, 0 metrics, 393 macros, 0 groups, 0 semantic models
[0m04:33:33.602132 [debug] [MainThread]: Sending event: {'category': 'dbt', 'action': 'runnable_timing', 'label': '8efe7ff4-40c2-4b93-8f9f-9ebdf5f26428', 'context': [<snowplow_tracker.self_describing_json.SelfDescribingJson object at 0xffffad1e1ad0>]}
[0m04:33:33.602780 [info ] [MainThread]: 
[0m04:33:33.603136 [debug] [MainThread]: Acquiring new duckdb connection 'master'
[0m04:33:33.603563 [debug] [ThreadPool]: Acquiring new duckdb connection 'list_analytics'
[0m04:33:33.607205 [debug] [ThreadPool]: Using duckdb connection "list_analytics"
[0m04:33:33.607353 [debug] [ThreadPool]: On list_analytics: /* {"app": "dbt", "dbt_version": "1.7.19", "profile_name": "ecomm", "target_name": "dev", "connection_name": "list_analytics"} */

    
    select schema_name
    from system.information_schema.schemata
    
    where catalog_name = '"analytics"'
    
  
  
[0m04:33:33.607482 [debug] [ThreadPool]: Opening a new connection, currently in state init
[0m04:33:33.611209 [debug] [ThreadPool]: SQL status: OK in 0.0 seconds
[0m04:33:33.611741 [debug] [ThreadPool]: On list_analytics: Close
[0m04:33:33.612753 [debug] [ThreadPool]: Re-using an available connection from the pool (formerly list_analytics, now create_analytics_main)
[0m04:33:33.613000 [debug] [ThreadPool]: Creating schema "database: "analytics"
schema: "main"
"
[0m04:33:33.615102 [debug] [ThreadPool]: Using duckdb connection "create_analytics_main"
[0m04:33:33.615268 [debug] [ThreadPool]: On create_analytics_main: /* {"app": "dbt", "dbt_version": "1.7.19", "profile_name": "ecomm", "target_name": "dev", "connection_name": "create_analytics_main"} */

    
        select type from duckdb_databases()
        where database_name='analytics'
        and type='sqlite'
    
  
[0m04:33:33.615405 [debug] [ThreadPool]: Opening a new connection, currently in state closed
[0m04:33:33.617853 [debug] [ThreadPool]: SQL status: OK in 0.0 seconds
[0m04:33:33.618285 [debug] [ThreadPool]: Using duckdb connection "create_analytics_main"
[0m04:33:33.618408 [debug] [ThreadPool]: On create_analytics_main: BEGIN
[0m04:33:33.618544 [debug] [ThreadPool]: SQL status: OK in 0.0 seconds
[0m04:33:33.618656 [debug] [ThreadPool]: Using duckdb connection "create_analytics_main"
[0m04:33:33.618756 [debug] [ThreadPool]: On create_analytics_main: /* {"app": "dbt", "dbt_version": "1.7.19", "profile_name": "ecomm", "target_name": "dev", "connection_name": "create_analytics_main"} */

    
    
        create schema if not exists "analytics"."main"
    
[0m04:33:33.618906 [debug] [ThreadPool]: SQL status: OK in 0.0 seconds
[0m04:33:33.619186 [debug] [ThreadPool]: On create_analytics_main: COMMIT
[0m04:33:33.619301 [debug] [ThreadPool]: Using duckdb connection "create_analytics_main"
[0m04:33:33.619393 [debug] [ThreadPool]: On create_analytics_main: COMMIT
[0m04:33:33.619522 [debug] [ThreadPool]: SQL status: OK in 0.0 seconds
[0m04:33:33.619632 [debug] [ThreadPool]: On create_analytics_main: Close
[0m04:33:33.620712 [debug] [ThreadPool]: Acquiring new duckdb connection 'list_analytics_main'
[0m04:33:33.622625 [debug] [ThreadPool]: Using duckdb connection "list_analytics_main"
[0m04:33:33.622745 [debug] [ThreadPool]: On list_analytics_main: BEGIN
[0m04:33:33.622844 [debug] [ThreadPool]: Opening a new connection, currently in state init
[0m04:33:33.625439 [debug] [ThreadPool]: SQL status: OK in 0.0 seconds
[0m04:33:33.625565 [debug] [ThreadPool]: Using duckdb connection "list_analytics_main"
[0m04:33:33.625666 [debug] [ThreadPool]: On list_analytics_main: /* {"app": "dbt", "dbt_version": "1.7.19", "profile_name": "ecomm", "target_name": "dev", "connection_name": "list_analytics_main"} */
select
      'analytics' as database,
      table_name as name,
      table_schema as schema,
      CASE table_type
        WHEN 'BASE TABLE' THEN 'table'
        WHEN 'VIEW' THEN 'view'
        WHEN 'LOCAL TEMPORARY' THEN 'table'
        END as type
    from system.information_schema.tables
    where table_schema = 'main'
    and table_catalog = 'analytics'
  
[0m04:33:33.631360 [debug] [ThreadPool]: SQL status: OK in 0.0 seconds
[0m04:33:33.632780 [debug] [ThreadPool]: On list_analytics_main: ROLLBACK
[0m04:33:33.633059 [debug] [ThreadPool]: Failed to rollback 'list_analytics_main'
[0m04:33:33.633196 [debug] [ThreadPool]: On list_analytics_main: Close
[0m04:33:33.634140 [debug] [MainThread]: Sending event: {'category': 'dbt', 'action': 'runnable_timing', 'label': '8efe7ff4-40c2-4b93-8f9f-9ebdf5f26428', 'context': [<snowplow_tracker.self_describing_json.SelfDescribingJson object at 0xffffa5777ed0>]}
[0m04:33:33.634318 [debug] [MainThread]: Using duckdb connection "master"
[0m04:33:33.634449 [debug] [MainThread]: On master: BEGIN
[0m04:33:33.634565 [debug] [MainThread]: Opening a new connection, currently in state init
[0m04:33:33.636887 [debug] [MainThread]: SQL status: OK in 0.0 seconds
[0m04:33:33.637037 [debug] [MainThread]: On master: COMMIT
[0m04:33:33.637195 [debug] [MainThread]: Using duckdb connection "master"
[0m04:33:33.637321 [debug] [MainThread]: On master: COMMIT
[0m04:33:33.637456 [debug] [MainThread]: SQL status: OK in 0.0 seconds
[0m04:33:33.637554 [debug] [MainThread]: On master: Close
[0m04:33:33.638132 [info ] [MainThread]: Concurrency: 4 threads (target='dev')
[0m04:33:33.638298 [info ] [MainThread]: 
[0m04:33:33.639570 [debug] [Thread-1 (]: Began running node model.ecomm_analytics.stg_orders
[0m04:33:33.639781 [info ] [Thread-1 (]: 1 of 1 START sql table model main.stg_orders ................................... [RUN]
[0m04:33:33.640105 [debug] [Thread-1 (]: Acquiring new duckdb connection 'model.ecomm_analytics.stg_orders'
[0m04:33:33.640245 [debug] [Thread-1 (]: Began compiling node model.ecomm_analytics.stg_orders
[0m04:33:33.643281 [debug] [Thread-1 (]: Writing injected SQL for node "model.ecomm_analytics.stg_orders"
[0m04:33:33.643753 [debug] [Thread-1 (]: Timing info for model.ecomm_analytics.stg_orders (compile): 04:33:33.640339 => 04:33:33.643675
[0m04:33:33.643874 [debug] [Thread-1 (]: Began executing node model.ecomm_analytics.stg_orders
[0m04:33:33.653673 [debug] [Thread-1 (]: Writing runtime sql for node "model.ecomm_analytics.stg_orders"
[0m04:33:33.654130 [debug] [Thread-1 (]: Using duckdb connection "model.ecomm_analytics.stg_orders"
[0m04:33:33.654246 [debug] [Thread-1 (]: On model.ecomm_analytics.stg_orders: BEGIN
[0m04:33:33.654348 [debug] [Thread-1 (]: Opening a new connection, currently in state init
[0m04:33:33.657054 [debug] [Thread-1 (]: SQL status: OK in 0.0 seconds
[0m04:33:33.657232 [debug] [Thread-1 (]: Using duckdb connection "model.ecomm_analytics.stg_orders"
[0m04:33:33.657384 [debug] [Thread-1 (]: On model.ecomm_analytics.stg_orders: /* {"app": "dbt", "dbt_version": "1.7.19", "profile_name": "ecomm", "target_name": "dev", "node_id": "model.ecomm_analytics.stg_orders"} */

  
    
    

    create  table
      "analytics"."main"."stg_orders__dbt_tmp"
  
    as (
      

select
    order_id
    , customer_id
    , order_status
    , order_purchase_timestamp
    , 
    -- Assume the input timestamp is America/Sao_Paulo and convert to target timezone
    (order_purchase_timestamp::TIMESTAMP AT TIME ZONE 'America/Sao_Paulo' AT TIME ZONE 'America/New_York')
 as order_purchase_timestamp_et
    , order_approved_at
    , 
    -- Assume the input timestamp is America/Sao_Paulo and convert to target timezone
    (order_approved_at::TIMESTAMP AT TIME ZONE 'America/Sao_Paulo' AT TIME ZONE 'America/New_York')
 as order_approved_at_et
    , order_delivered_carrier_date
    , 
    -- Assume the input timestamp is America/Sao_Paulo and convert to target timezone
    (order_delivered_carrier_date::TIMESTAMP AT TIME ZONE 'America/Sao_Paulo' AT TIME ZONE 'America/New_York')
 as order_delivered_carrier_date_et
    , order_delivered_customer_date
    , 
    -- Assume the input timestamp is America/Sao_Paulo and convert to target timezone
    (order_delivered_customer_date::TIMESTAMP AT TIME ZONE 'America/Sao_Paulo' AT TIME ZONE 'America/New_York')
 as order_delivered_customer_date_et
    , order_estimated_delivery_date
    , 
    -- Assume the input timestamp is America/Sao_Paulo and convert to target timezone
    (order_estimated_delivery_date::TIMESTAMP AT TIME ZONE 'America/Sao_Paulo' AT TIME ZONE 'America/New_York')
 as order_estimated_delivery_date_et

from "analytics"."raw"."orders"
    );
  
  
[0m04:33:33.784463 [debug] [Thread-1 (]: SQL status: OK in 0.0 seconds
[0m04:33:33.787032 [debug] [Thread-1 (]: Using duckdb connection "model.ecomm_analytics.stg_orders"
[0m04:33:33.787185 [debug] [Thread-1 (]: On model.ecomm_analytics.stg_orders: /* {"app": "dbt", "dbt_version": "1.7.19", "profile_name": "ecomm", "target_name": "dev", "node_id": "model.ecomm_analytics.stg_orders"} */
alter table "analytics"."main"."stg_orders" rename to "stg_orders__dbt_backup"
[0m04:33:33.787454 [debug] [Thread-1 (]: SQL status: OK in 0.0 seconds
[0m04:33:33.788340 [debug] [Thread-1 (]: Using duckdb connection "model.ecomm_analytics.stg_orders"
[0m04:33:33.788471 [debug] [Thread-1 (]: On model.ecomm_analytics.stg_orders: /* {"app": "dbt", "dbt_version": "1.7.19", "profile_name": "ecomm", "target_name": "dev", "node_id": "model.ecomm_analytics.stg_orders"} */
alter table "analytics"."main"."stg_orders__dbt_tmp" rename to "stg_orders"
[0m04:33:33.788649 [debug] [Thread-1 (]: SQL status: OK in 0.0 seconds
[0m04:33:33.794364 [debug] [Thread-1 (]: On model.ecomm_analytics.stg_orders: COMMIT
[0m04:33:33.794507 [debug] [Thread-1 (]: Using duckdb connection "model.ecomm_analytics.stg_orders"
[0m04:33:33.794614 [debug] [Thread-1 (]: On model.ecomm_analytics.stg_orders: COMMIT
[0m04:33:33.864164 [debug] [Thread-1 (]: SQL status: OK in 0.0 seconds
[0m04:33:33.865945 [debug] [Thread-1 (]: Using duckdb connection "model.ecomm_analytics.stg_orders"
[0m04:33:33.866095 [debug] [Thread-1 (]: On model.ecomm_analytics.stg_orders: /* {"app": "dbt", "dbt_version": "1.7.19", "profile_name": "ecomm", "target_name": "dev", "node_id": "model.ecomm_analytics.stg_orders"} */
drop table if exists "analytics"."main"."stg_orders__dbt_backup" cascade
[0m04:33:33.866501 [debug] [Thread-1 (]: SQL status: OK in 0.0 seconds
[0m04:33:33.866983 [debug] [Thread-1 (]: Timing info for model.ecomm_analytics.stg_orders (execute): 04:33:33.643965 => 04:33:33.866925
[0m04:33:33.867139 [debug] [Thread-1 (]: On model.ecomm_analytics.stg_orders: Close
[0m04:33:33.909437 [debug] [Thread-1 (]: Sending event: {'category': 'dbt', 'action': 'run_model', 'label': '8efe7ff4-40c2-4b93-8f9f-9ebdf5f26428', 'context': [<snowplow_tracker.self_describing_json.SelfDescribingJson object at 0xffffa5860250>]}
[0m04:33:33.909712 [info ] [Thread-1 (]: 1 of 1 OK created sql table model main.stg_orders .............................. [[32mOK[0m in 0.27s]
[0m04:33:33.909966 [debug] [Thread-1 (]: Finished running node model.ecomm_analytics.stg_orders
[0m04:33:33.910677 [debug] [MainThread]: Using duckdb connection "master"
[0m04:33:33.910813 [debug] [MainThread]: On master: BEGIN
[0m04:33:33.910923 [debug] [MainThread]: Opening a new connection, currently in state closed
[0m04:33:33.913642 [debug] [MainThread]: SQL status: OK in 0.0 seconds
[0m04:33:33.913781 [debug] [MainThread]: On master: COMMIT
[0m04:33:33.913905 [debug] [MainThread]: Using duckdb connection "master"
[0m04:33:33.914011 [debug] [MainThread]: On master: COMMIT
[0m04:33:33.914191 [debug] [MainThread]: SQL status: OK in 0.0 seconds
[0m04:33:33.914316 [debug] [MainThread]: On master: Close
[0m04:33:33.914894 [debug] [MainThread]: Connection 'master' was properly closed.
[0m04:33:33.915010 [debug] [MainThread]: Connection 'create_analytics_main' was properly closed.
[0m04:33:33.915122 [debug] [MainThread]: Connection 'list_analytics_main' was properly closed.
[0m04:33:33.915244 [debug] [MainThread]: Connection 'model.ecomm_analytics.stg_orders' was properly closed.
[0m04:33:33.915359 [info ] [MainThread]: 
[0m04:33:33.915513 [info ] [MainThread]: Finished running 1 table model in 0 hours 0 minutes and 0.31 seconds (0.31s).
[0m04:33:33.915820 [debug] [MainThread]: Command end result
[0m04:33:33.918607 [info ] [MainThread]: 
[0m04:33:33.918827 [info ] [MainThread]: [32mCompleted successfully[0m
[0m04:33:33.919058 [info ] [MainThread]: 
[0m04:33:33.919308 [info ] [MainThread]: Done. PASS=1 WARN=0 ERROR=0 SKIP=0 TOTAL=1
[0m04:33:33.919741 [debug] [MainThread]: Resource report: {"command_name": "run", "command_success": true, "command_wall_clock_time": 0.4422248, "process_user_time": 0.970745, "process_kernel_time": 0.055848, "process_mem_max_rss": "212500", "process_out_blocks": "52023", "process_in_blocks": "0"}
[0m04:33:33.919907 [debug] [MainThread]: Command `dbt run` succeeded at 04:33:33.919870 after 0.44 seconds
[0m04:33:33.920060 [debug] [MainThread]: Sending event: {'category': 'dbt', 'action': 'invocation', 'label': 'end', 'context': [<snowplow_tracker.self_describing_json.SelfDescribingJson object at 0xffffad6615d0>, <snowplow_tracker.self_describing_json.SelfDescribingJson object at 0xffffade0eb50>, <snowplow_tracker.self_describing_json.SelfDescribingJson object at 0xffffad1d3550>]}
[0m04:33:33.920241 [debug] [MainThread]: Flushing usage events
[0m04:35:00.523392 [debug] [MainThread]: Sending event: {'category': 'dbt', 'action': 'invocation', 'label': 'start', 'context': [<snowplow_tracker.self_describing_json.SelfDescribingJson object at 0xffff90e9b650>, <snowplow_tracker.self_describing_json.SelfDescribingJson object at 0xffff90e9add0>, <snowplow_tracker.self_describing_json.SelfDescribingJson object at 0xffff90e9bb90>]}


============================== 04:35:00.524467 | 58186745-7f31-42c1-b30f-7460d96356bf ==============================
[0m04:35:00.524467 [info ] [MainThread]: Running with dbt=1.7.19
[0m04:35:00.524738 [debug] [MainThread]: running dbt with arguments {'printer_width': '80', 'indirect_selection': 'eager', 'write_json': 'True', 'log_cache_events': 'False', 'partial_parse': 'True', 'cache_selected_only': 'False', 'profiles_dir': '/app/dbt_project', 'fail_fast': 'False', 'debug': 'False', 'log_path': '/app/dbt_project/logs', 'version_check': 'True', 'warn_error': 'None', 'use_colors': 'True', 'use_experimental_parser': 'False', 'no_print': 'None', 'quiet': 'False', 'log_format': 'default', 'introspect': 'True', 'warn_error_options': 'WarnErrorOptions(include=[], exclude=[])', 'static_parser': 'True', 'target_path': 'None', 'invocation_command': 'dbt run -s stg_orders', 'send_anonymous_usage_stats': 'True'}
[0m04:35:00.573310 [debug] [MainThread]: Sending event: {'category': 'dbt', 'action': 'project_id', 'label': '58186745-7f31-42c1-b30f-7460d96356bf', 'context': [<snowplow_tracker.self_describing_json.SelfDescribingJson object at 0xffff90d502d0>]}
[0m04:35:00.588491 [debug] [MainThread]: Sending event: {'category': 'dbt', 'action': 'adapter_info', 'label': '58186745-7f31-42c1-b30f-7460d96356bf', 'context': [<snowplow_tracker.self_describing_json.SelfDescribingJson object at 0xffff90e99510>]}
[0m04:35:00.588768 [info ] [MainThread]: Registered adapter: duckdb=1.7.3
[0m04:35:00.591226 [debug] [MainThread]: checksum: a8d43cdff37d0f32d7fbe4c5c25bea4bb6c86e162f8ce8fdb1a38cdcf7495431, vars: {}, profile: , target: , version: 1.7.19
[0m04:35:00.594287 [info ] [MainThread]: Unable to do partial parsing because of a version mismatch
[0m04:35:00.594550 [debug] [MainThread]: Sending event: {'category': 'dbt', 'action': 'partial_parser', 'label': '58186745-7f31-42c1-b30f-7460d96356bf', 'context': [<snowplow_tracker.self_describing_json.SelfDescribingJson object at 0xffff8e068ad0>]}
[0m04:35:00.870378 [debug] [MainThread]: Sending event: {'category': 'dbt', 'action': 'load_project', 'label': '58186745-7f31-42c1-b30f-7460d96356bf', 'context': [<snowplow_tracker.self_describing_json.SelfDescribingJson object at 0xffff8952e610>]}
[0m04:35:00.874397 [debug] [MainThread]: Sending event: {'category': 'dbt', 'action': 'resource_counts', 'label': '58186745-7f31-42c1-b30f-7460d96356bf', 'context': [<snowplow_tracker.self_describing_json.SelfDescribingJson object at 0xffff894e9050>]}
[0m04:35:00.874646 [info ] [MainThread]: Found 2 models, 9 sources, 0 exposures, 0 metrics, 393 macros, 0 groups, 0 semantic models
[0m04:35:00.874852 [debug] [MainThread]: Sending event: {'category': 'dbt', 'action': 'runnable_timing', 'label': '58186745-7f31-42c1-b30f-7460d96356bf', 'context': [<snowplow_tracker.self_describing_json.SelfDescribingJson object at 0xffff89519550>]}
[0m04:35:00.875443 [info ] [MainThread]: 
[0m04:35:00.875810 [debug] [MainThread]: Acquiring new duckdb connection 'master'
[0m04:35:00.876268 [debug] [ThreadPool]: Acquiring new duckdb connection 'list_analytics'
[0m04:35:00.880123 [debug] [ThreadPool]: Using duckdb connection "list_analytics"
[0m04:35:00.880274 [debug] [ThreadPool]: On list_analytics: /* {"app": "dbt", "dbt_version": "1.7.19", "profile_name": "ecomm", "target_name": "dev", "connection_name": "list_analytics"} */

    
    select schema_name
    from system.information_schema.schemata
    
    where catalog_name = '"analytics"'
    
  
  
[0m04:35:00.880397 [debug] [ThreadPool]: Opening a new connection, currently in state init
[0m04:35:00.884525 [debug] [ThreadPool]: SQL status: OK in 0.0 seconds
[0m04:35:00.885027 [debug] [ThreadPool]: On list_analytics: Close
[0m04:35:00.885999 [debug] [ThreadPool]: Re-using an available connection from the pool (formerly list_analytics, now create_analytics_main)
[0m04:35:00.886288 [debug] [ThreadPool]: Creating schema "database: "analytics"
schema: "main"
"
[0m04:35:00.888578 [debug] [ThreadPool]: Using duckdb connection "create_analytics_main"
[0m04:35:00.888737 [debug] [ThreadPool]: On create_analytics_main: /* {"app": "dbt", "dbt_version": "1.7.19", "profile_name": "ecomm", "target_name": "dev", "connection_name": "create_analytics_main"} */

    
        select type from duckdb_databases()
        where database_name='analytics'
        and type='sqlite'
    
  
[0m04:35:00.888858 [debug] [ThreadPool]: Opening a new connection, currently in state closed
[0m04:35:00.891951 [debug] [ThreadPool]: SQL status: OK in 0.0 seconds
[0m04:35:00.892467 [debug] [ThreadPool]: Using duckdb connection "create_analytics_main"
[0m04:35:00.892613 [debug] [ThreadPool]: On create_analytics_main: BEGIN
[0m04:35:00.892802 [debug] [ThreadPool]: SQL status: OK in 0.0 seconds
[0m04:35:00.892940 [debug] [ThreadPool]: Using duckdb connection "create_analytics_main"
[0m04:35:00.893058 [debug] [ThreadPool]: On create_analytics_main: /* {"app": "dbt", "dbt_version": "1.7.19", "profile_name": "ecomm", "target_name": "dev", "connection_name": "create_analytics_main"} */

    
    
        create schema if not exists "analytics"."main"
    
[0m04:35:00.893227 [debug] [ThreadPool]: SQL status: OK in 0.0 seconds
[0m04:35:00.893540 [debug] [ThreadPool]: On create_analytics_main: COMMIT
[0m04:35:00.893705 [debug] [ThreadPool]: Using duckdb connection "create_analytics_main"
[0m04:35:00.893816 [debug] [ThreadPool]: On create_analytics_main: COMMIT
[0m04:35:00.893972 [debug] [ThreadPool]: SQL status: OK in 0.0 seconds
[0m04:35:00.894089 [debug] [ThreadPool]: On create_analytics_main: Close
[0m04:35:00.895321 [debug] [ThreadPool]: Acquiring new duckdb connection 'list_analytics_main'
[0m04:35:00.897288 [debug] [ThreadPool]: Using duckdb connection "list_analytics_main"
[0m04:35:00.897425 [debug] [ThreadPool]: On list_analytics_main: BEGIN
[0m04:35:00.897551 [debug] [ThreadPool]: Opening a new connection, currently in state init
[0m04:35:00.900151 [debug] [ThreadPool]: SQL status: OK in 0.0 seconds
[0m04:35:00.900277 [debug] [ThreadPool]: Using duckdb connection "list_analytics_main"
[0m04:35:00.900387 [debug] [ThreadPool]: On list_analytics_main: /* {"app": "dbt", "dbt_version": "1.7.19", "profile_name": "ecomm", "target_name": "dev", "connection_name": "list_analytics_main"} */
select
      'analytics' as database,
      table_name as name,
      table_schema as schema,
      CASE table_type
        WHEN 'BASE TABLE' THEN 'table'
        WHEN 'VIEW' THEN 'view'
        WHEN 'LOCAL TEMPORARY' THEN 'table'
        END as type
    from system.information_schema.tables
    where table_schema = 'main'
    and table_catalog = 'analytics'
  
[0m04:35:00.906457 [debug] [ThreadPool]: SQL status: OK in 0.0 seconds
[0m04:35:00.908049 [debug] [ThreadPool]: On list_analytics_main: ROLLBACK
[0m04:35:00.908353 [debug] [ThreadPool]: Failed to rollback 'list_analytics_main'
[0m04:35:00.908470 [debug] [ThreadPool]: On list_analytics_main: Close
[0m04:35:00.909449 [debug] [MainThread]: Sending event: {'category': 'dbt', 'action': 'runnable_timing', 'label': '58186745-7f31-42c1-b30f-7460d96356bf', 'context': [<snowplow_tracker.self_describing_json.SelfDescribingJson object at 0xffff90d69450>]}
[0m04:35:00.909637 [debug] [MainThread]: Using duckdb connection "master"
[0m04:35:00.909774 [debug] [MainThread]: On master: BEGIN
[0m04:35:00.909902 [debug] [MainThread]: Opening a new connection, currently in state init
[0m04:35:00.912271 [debug] [MainThread]: SQL status: OK in 0.0 seconds
[0m04:35:00.912415 [debug] [MainThread]: On master: COMMIT
[0m04:35:00.912547 [debug] [MainThread]: Using duckdb connection "master"
[0m04:35:00.912690 [debug] [MainThread]: On master: COMMIT
[0m04:35:00.912832 [debug] [MainThread]: SQL status: OK in 0.0 seconds
[0m04:35:00.912949 [debug] [MainThread]: On master: Close
[0m04:35:00.913576 [info ] [MainThread]: Concurrency: 4 threads (target='dev')
[0m04:35:00.913821 [info ] [MainThread]: 
[0m04:35:00.915165 [debug] [Thread-1 (]: Began running node model.ecomm_analytics.stg_orders
[0m04:35:00.915381 [info ] [Thread-1 (]: 1 of 1 START sql table model main.stg_orders ................................... [RUN]
[0m04:35:00.915738 [debug] [Thread-1 (]: Acquiring new duckdb connection 'model.ecomm_analytics.stg_orders'
[0m04:35:00.915882 [debug] [Thread-1 (]: Began compiling node model.ecomm_analytics.stg_orders
[0m04:35:00.918690 [debug] [Thread-1 (]: Writing injected SQL for node "model.ecomm_analytics.stg_orders"
[0m04:35:00.919190 [debug] [Thread-1 (]: Timing info for model.ecomm_analytics.stg_orders (compile): 04:35:00.915980 => 04:35:00.919102
[0m04:35:00.919344 [debug] [Thread-1 (]: Began executing node model.ecomm_analytics.stg_orders
[0m04:35:00.929966 [debug] [Thread-1 (]: Writing runtime sql for node "model.ecomm_analytics.stg_orders"
[0m04:35:00.930552 [debug] [Thread-1 (]: Using duckdb connection "model.ecomm_analytics.stg_orders"
[0m04:35:00.930728 [debug] [Thread-1 (]: On model.ecomm_analytics.stg_orders: BEGIN
[0m04:35:00.930873 [debug] [Thread-1 (]: Opening a new connection, currently in state init
[0m04:35:00.933569 [debug] [Thread-1 (]: SQL status: OK in 0.0 seconds
[0m04:35:00.933744 [debug] [Thread-1 (]: Using duckdb connection "model.ecomm_analytics.stg_orders"
[0m04:35:00.933898 [debug] [Thread-1 (]: On model.ecomm_analytics.stg_orders: /* {"app": "dbt", "dbt_version": "1.7.19", "profile_name": "ecomm", "target_name": "dev", "node_id": "model.ecomm_analytics.stg_orders"} */

  
    
    

    create  table
      "analytics"."main"."stg_orders__dbt_tmp"
  
    as (
      

select
    order_id
    , customer_id
    , order_status
    , order_purchase_timestamp
    , 
    -- Assume the input timestamp is America/Sao_Paulo and convert to target timezone
    (order_purchase_timestamp::TIMESTAMP AT TIME ZONE 'America/Sao_Paulo' AT TIME ZONE 'America/New_York')
 as order_purchase_timestamp_et
    , order_approved_at
    , 
    -- Assume the input timestamp is America/Sao_Paulo and convert to target timezone
    (order_approved_at::TIMESTAMP AT TIME ZONE 'America/Sao_Paulo' AT TIME ZONE 'America/New_York')
 as order_approved_at_et
    , order_delivered_carrier_date
    , 
    -- Assume the input timestamp is America/Sao_Paulo and convert to target timezone
    (order_delivered_carrier_date::TIMESTAMP AT TIME ZONE 'America/Sao_Paulo' AT TIME ZONE 'America/New_York')
 as order_delivered_carrier_date_et
    , order_delivered_customer_date
    , 
    -- Assume the input timestamp is America/Sao_Paulo and convert to target timezone
    (order_delivered_customer_date::TIMESTAMP AT TIME ZONE 'America/Sao_Paulo' AT TIME ZONE 'America/New_York')
 as order_delivered_customer_date_et
    , order_estimated_delivery_date
    , 
    -- Assume the input timestamp is America/Sao_Paulo and convert to target timezone
    (order_estimated_delivery_date::TIMESTAMP AT TIME ZONE 'America/Sao_Paulo' AT TIME ZONE 'America/New_York')
 as order_estimated_delivery_date_et

from "analytics"."raw"."orders"
    );
  
  
[0m04:35:01.061490 [debug] [Thread-1 (]: SQL status: OK in 0.0 seconds
[0m04:35:01.063757 [debug] [Thread-1 (]: Using duckdb connection "model.ecomm_analytics.stg_orders"
[0m04:35:01.063945 [debug] [Thread-1 (]: On model.ecomm_analytics.stg_orders: /* {"app": "dbt", "dbt_version": "1.7.19", "profile_name": "ecomm", "target_name": "dev", "node_id": "model.ecomm_analytics.stg_orders"} */
alter table "analytics"."main"."stg_orders" rename to "stg_orders__dbt_backup"
[0m04:35:01.064258 [debug] [Thread-1 (]: SQL status: OK in 0.0 seconds
[0m04:35:01.065201 [debug] [Thread-1 (]: Using duckdb connection "model.ecomm_analytics.stg_orders"
[0m04:35:01.065340 [debug] [Thread-1 (]: On model.ecomm_analytics.stg_orders: /* {"app": "dbt", "dbt_version": "1.7.19", "profile_name": "ecomm", "target_name": "dev", "node_id": "model.ecomm_analytics.stg_orders"} */
alter table "analytics"."main"."stg_orders__dbt_tmp" rename to "stg_orders"
[0m04:35:01.065577 [debug] [Thread-1 (]: SQL status: OK in 0.0 seconds
[0m04:35:01.071576 [debug] [Thread-1 (]: On model.ecomm_analytics.stg_orders: COMMIT
[0m04:35:01.071757 [debug] [Thread-1 (]: Using duckdb connection "model.ecomm_analytics.stg_orders"
[0m04:35:01.071895 [debug] [Thread-1 (]: On model.ecomm_analytics.stg_orders: COMMIT
[0m04:35:01.154123 [debug] [Thread-1 (]: SQL status: OK in 0.0 seconds
[0m04:35:01.155907 [debug] [Thread-1 (]: Using duckdb connection "model.ecomm_analytics.stg_orders"
[0m04:35:01.156060 [debug] [Thread-1 (]: On model.ecomm_analytics.stg_orders: /* {"app": "dbt", "dbt_version": "1.7.19", "profile_name": "ecomm", "target_name": "dev", "node_id": "model.ecomm_analytics.stg_orders"} */
drop table if exists "analytics"."main"."stg_orders__dbt_backup" cascade
[0m04:35:01.156503 [debug] [Thread-1 (]: SQL status: OK in 0.0 seconds
[0m04:35:01.157035 [debug] [Thread-1 (]: Timing info for model.ecomm_analytics.stg_orders (execute): 04:35:00.919437 => 04:35:01.156977
[0m04:35:01.157182 [debug] [Thread-1 (]: On model.ecomm_analytics.stg_orders: Close
[0m04:35:01.207315 [debug] [Thread-1 (]: Sending event: {'category': 'dbt', 'action': 'run_model', 'label': '58186745-7f31-42c1-b30f-7460d96356bf', 'context': [<snowplow_tracker.self_describing_json.SelfDescribingJson object at 0xffff90d53690>]}
[0m04:35:01.207574 [info ] [Thread-1 (]: 1 of 1 OK created sql table model main.stg_orders .............................. [[32mOK[0m in 0.29s]
[0m04:35:01.207779 [debug] [Thread-1 (]: Finished running node model.ecomm_analytics.stg_orders
[0m04:35:01.208537 [debug] [MainThread]: Using duckdb connection "master"
[0m04:35:01.208703 [debug] [MainThread]: On master: BEGIN
[0m04:35:01.208847 [debug] [MainThread]: Opening a new connection, currently in state closed
[0m04:35:01.211635 [debug] [MainThread]: SQL status: OK in 0.0 seconds
[0m04:35:01.211760 [debug] [MainThread]: On master: COMMIT
[0m04:35:01.211856 [debug] [MainThread]: Using duckdb connection "master"
[0m04:35:01.211947 [debug] [MainThread]: On master: COMMIT
[0m04:35:01.212066 [debug] [MainThread]: SQL status: OK in 0.0 seconds
[0m04:35:01.212166 [debug] [MainThread]: On master: Close
[0m04:35:01.212741 [debug] [MainThread]: Connection 'master' was properly closed.
[0m04:35:01.212881 [debug] [MainThread]: Connection 'create_analytics_main' was properly closed.
[0m04:35:01.212986 [debug] [MainThread]: Connection 'list_analytics_main' was properly closed.
[0m04:35:01.213073 [debug] [MainThread]: Connection 'model.ecomm_analytics.stg_orders' was properly closed.
[0m04:35:01.213185 [info ] [MainThread]: 
[0m04:35:01.213314 [info ] [MainThread]: Finished running 1 table model in 0 hours 0 minutes and 0.34 seconds (0.34s).
[0m04:35:01.213608 [debug] [MainThread]: Command end result
[0m04:35:01.216816 [info ] [MainThread]: 
[0m04:35:01.217107 [info ] [MainThread]: [32mCompleted successfully[0m
[0m04:35:01.217321 [info ] [MainThread]: 
[0m04:35:01.217557 [info ] [MainThread]: Done. PASS=1 WARN=0 ERROR=0 SKIP=0 TOTAL=1
[0m04:35:01.218040 [debug] [MainThread]: Resource report: {"command_name": "run", "command_success": true, "command_wall_clock_time": 0.7059444, "process_user_time": 1.211943, "process_kernel_time": 0.072876, "process_mem_max_rss": "219816", "process_out_blocks": "52784", "process_in_blocks": "0"}
[0m04:35:01.218217 [debug] [MainThread]: Command `dbt run` succeeded at 04:35:01.218176 after 0.71 seconds
[0m04:35:01.218346 [debug] [MainThread]: Sending event: {'category': 'dbt', 'action': 'invocation', 'label': 'end', 'context': [<snowplow_tracker.self_describing_json.SelfDescribingJson object at 0xffff91aad550>, <snowplow_tracker.self_describing_json.SelfDescribingJson object at 0xffff8e12c910>, <snowplow_tracker.self_describing_json.SelfDescribingJson object at 0xffff911a0190>]}
[0m04:35:01.218470 [debug] [MainThread]: Flushing usage events
[0m04:35:26.360551 [debug] [MainThread]: Sending event: {'category': 'dbt', 'action': 'invocation', 'label': 'start', 'context': [<snowplow_tracker.self_describing_json.SelfDescribingJson object at 0xffffad5d8190>, <snowplow_tracker.self_describing_json.SelfDescribingJson object at 0xffffad5d3b10>, <snowplow_tracker.self_describing_json.SelfDescribingJson object at 0xffffad5d8cd0>]}


============================== 04:35:26.361659 | 4dc76250-96c5-448c-9746-8fe9128c5209 ==============================
[0m04:35:26.361659 [info ] [MainThread]: Running with dbt=1.7.19
[0m04:35:26.361878 [debug] [MainThread]: running dbt with arguments {'printer_width': '80', 'indirect_selection': 'eager', 'write_json': 'True', 'log_cache_events': 'False', 'partial_parse': 'True', 'cache_selected_only': 'False', 'warn_error': 'None', 'debug': 'False', 'fail_fast': 'False', 'log_path': '/app/dbt_project/logs', 'version_check': 'True', 'profiles_dir': '/app/dbt_project', 'use_colors': 'True', 'use_experimental_parser': 'False', 'no_print': 'None', 'quiet': 'False', 'log_format': 'default', 'invocation_command': 'dbt run -s stg_orders', 'introspect': 'True', 'static_parser': 'True', 'target_path': 'None', 'warn_error_options': 'WarnErrorOptions(include=[], exclude=[])', 'send_anonymous_usage_stats': 'True'}
[0m04:35:26.410557 [debug] [MainThread]: Sending event: {'category': 'dbt', 'action': 'project_id', 'label': '4dc76250-96c5-448c-9746-8fe9128c5209', 'context': [<snowplow_tracker.self_describing_json.SelfDescribingJson object at 0xffffad507f90>]}
[0m04:35:26.425927 [debug] [MainThread]: Sending event: {'category': 'dbt', 'action': 'adapter_info', 'label': '4dc76250-96c5-448c-9746-8fe9128c5209', 'context': [<snowplow_tracker.self_describing_json.SelfDescribingJson object at 0xffffa5cb54d0>]}
[0m04:35:26.426203 [info ] [MainThread]: Registered adapter: duckdb=1.7.3
[0m04:35:26.428659 [debug] [MainThread]: checksum: a8d43cdff37d0f32d7fbe4c5c25bea4bb6c86e162f8ce8fdb1a38cdcf7495431, vars: {}, profile: , target: , version: 1.7.19
[0m04:35:26.431868 [info ] [MainThread]: Unable to do partial parsing because of a version mismatch
[0m04:35:26.432067 [debug] [MainThread]: Sending event: {'category': 'dbt', 'action': 'partial_parser', 'label': '4dc76250-96c5-448c-9746-8fe9128c5209', 'context': [<snowplow_tracker.self_describing_json.SelfDescribingJson object at 0xffffa5a82410>]}
[0m04:35:26.703399 [debug] [MainThread]: Sending event: {'category': 'dbt', 'action': 'load_project', 'label': '4dc76250-96c5-448c-9746-8fe9128c5209', 'context': [<snowplow_tracker.self_describing_json.SelfDescribingJson object at 0xffffa5b15c50>]}
[0m04:35:26.707181 [debug] [MainThread]: Sending event: {'category': 'dbt', 'action': 'resource_counts', 'label': '4dc76250-96c5-448c-9746-8fe9128c5209', 'context': [<snowplow_tracker.self_describing_json.SelfDescribingJson object at 0xffffa5c83610>]}
[0m04:35:26.707361 [info ] [MainThread]: Found 2 models, 9 sources, 0 exposures, 0 metrics, 393 macros, 0 groups, 0 semantic models
[0m04:35:26.707551 [debug] [MainThread]: Sending event: {'category': 'dbt', 'action': 'runnable_timing', 'label': '4dc76250-96c5-448c-9746-8fe9128c5209', 'context': [<snowplow_tracker.self_describing_json.SelfDescribingJson object at 0xffffad62d6d0>]}
[0m04:35:26.708157 [info ] [MainThread]: 
[0m04:35:26.708492 [debug] [MainThread]: Acquiring new duckdb connection 'master'
[0m04:35:26.708979 [debug] [ThreadPool]: Acquiring new duckdb connection 'list_analytics'
[0m04:35:26.712864 [debug] [ThreadPool]: Using duckdb connection "list_analytics"
[0m04:35:26.713058 [debug] [ThreadPool]: On list_analytics: /* {"app": "dbt", "dbt_version": "1.7.19", "profile_name": "ecomm", "target_name": "dev", "connection_name": "list_analytics"} */

    
    select schema_name
    from system.information_schema.schemata
    
    where catalog_name = '"analytics"'
    
  
  
[0m04:35:26.713247 [debug] [ThreadPool]: Opening a new connection, currently in state init
[0m04:35:26.717120 [debug] [ThreadPool]: SQL status: OK in 0.0 seconds
[0m04:35:26.717600 [debug] [ThreadPool]: On list_analytics: Close
[0m04:35:26.718555 [debug] [ThreadPool]: Re-using an available connection from the pool (formerly list_analytics, now create_analytics_staging)
[0m04:35:26.718804 [debug] [ThreadPool]: Creating schema "database: "analytics"
schema: "staging"
"
[0m04:35:26.720969 [debug] [ThreadPool]: Using duckdb connection "create_analytics_staging"
[0m04:35:26.721103 [debug] [ThreadPool]: On create_analytics_staging: /* {"app": "dbt", "dbt_version": "1.7.19", "profile_name": "ecomm", "target_name": "dev", "connection_name": "create_analytics_staging"} */

    
        select type from duckdb_databases()
        where database_name='analytics'
        and type='sqlite'
    
  
[0m04:35:26.721207 [debug] [ThreadPool]: Opening a new connection, currently in state closed
[0m04:35:26.723780 [debug] [ThreadPool]: SQL status: OK in 0.0 seconds
[0m04:35:26.724231 [debug] [ThreadPool]: Using duckdb connection "create_analytics_staging"
[0m04:35:26.724396 [debug] [ThreadPool]: On create_analytics_staging: BEGIN
[0m04:35:26.724603 [debug] [ThreadPool]: SQL status: OK in 0.0 seconds
[0m04:35:26.724743 [debug] [ThreadPool]: Using duckdb connection "create_analytics_staging"
[0m04:35:26.724889 [debug] [ThreadPool]: On create_analytics_staging: /* {"app": "dbt", "dbt_version": "1.7.19", "profile_name": "ecomm", "target_name": "dev", "connection_name": "create_analytics_staging"} */

    
    
        create schema if not exists "analytics"."staging"
    
[0m04:35:26.725084 [debug] [ThreadPool]: SQL status: OK in 0.0 seconds
[0m04:35:26.725430 [debug] [ThreadPool]: On create_analytics_staging: COMMIT
[0m04:35:26.725791 [debug] [ThreadPool]: Using duckdb connection "create_analytics_staging"
[0m04:35:26.725957 [debug] [ThreadPool]: On create_analytics_staging: COMMIT
[0m04:35:26.726283 [debug] [ThreadPool]: SQL status: OK in 0.0 seconds
[0m04:35:26.726429 [debug] [ThreadPool]: On create_analytics_staging: Close
[0m04:35:26.728823 [debug] [ThreadPool]: Re-using an available connection from the pool (formerly create_analytics_staging, now list_analytics_main)
[0m04:35:26.729087 [debug] [ThreadPool]: Acquiring new duckdb connection 'list_analytics_staging'
[0m04:35:26.731816 [debug] [ThreadPool]: Using duckdb connection "list_analytics_staging"
[0m04:35:26.731173 [debug] [ThreadPool]: Using duckdb connection "list_analytics_main"
[0m04:35:26.732073 [debug] [ThreadPool]: On list_analytics_main: BEGIN
[0m04:35:26.731948 [debug] [ThreadPool]: On list_analytics_staging: BEGIN
[0m04:35:26.732288 [debug] [ThreadPool]: Opening a new connection, currently in state init
[0m04:35:26.732182 [debug] [ThreadPool]: Opening a new connection, currently in state closed
[0m04:35:26.735174 [debug] [ThreadPool]: SQL status: OK in 0.0 seconds
[0m04:35:26.735255 [debug] [ThreadPool]: SQL status: OK in 0.0 seconds
[0m04:35:26.735458 [debug] [ThreadPool]: Using duckdb connection "list_analytics_staging"
[0m04:35:26.735342 [debug] [ThreadPool]: Using duckdb connection "list_analytics_main"
[0m04:35:26.735737 [debug] [ThreadPool]: On list_analytics_main: /* {"app": "dbt", "dbt_version": "1.7.19", "profile_name": "ecomm", "target_name": "dev", "connection_name": "list_analytics_main"} */
select
      'analytics' as database,
      table_name as name,
      table_schema as schema,
      CASE table_type
        WHEN 'BASE TABLE' THEN 'table'
        WHEN 'VIEW' THEN 'view'
        WHEN 'LOCAL TEMPORARY' THEN 'table'
        END as type
    from system.information_schema.tables
    where table_schema = 'main'
    and table_catalog = 'analytics'
  
[0m04:35:26.735601 [debug] [ThreadPool]: On list_analytics_staging: /* {"app": "dbt", "dbt_version": "1.7.19", "profile_name": "ecomm", "target_name": "dev", "connection_name": "list_analytics_staging"} */
select
      'analytics' as database,
      table_name as name,
      table_schema as schema,
      CASE table_type
        WHEN 'BASE TABLE' THEN 'table'
        WHEN 'VIEW' THEN 'view'
        WHEN 'LOCAL TEMPORARY' THEN 'table'
        END as type
    from system.information_schema.tables
    where table_schema = 'staging'
    and table_catalog = 'analytics'
  
[0m04:35:26.741992 [debug] [ThreadPool]: SQL status: OK in 0.0 seconds
[0m04:35:26.743044 [debug] [ThreadPool]: SQL status: OK in 0.0 seconds
[0m04:35:26.744433 [debug] [ThreadPool]: On list_analytics_main: ROLLBACK
[0m04:35:26.745035 [debug] [ThreadPool]: Failed to rollback 'list_analytics_main'
[0m04:35:26.744742 [debug] [ThreadPool]: On list_analytics_staging: ROLLBACK
[0m04:35:26.745330 [debug] [ThreadPool]: Failed to rollback 'list_analytics_staging'
[0m04:35:26.745167 [debug] [ThreadPool]: On list_analytics_main: Close
[0m04:35:26.745444 [debug] [ThreadPool]: On list_analytics_staging: Close
[0m04:35:26.746711 [debug] [MainThread]: Sending event: {'category': 'dbt', 'action': 'runnable_timing', 'label': '4dc76250-96c5-448c-9746-8fe9128c5209', 'context': [<snowplow_tracker.self_describing_json.SelfDescribingJson object at 0xffffa5ad5810>]}
[0m04:35:26.746926 [debug] [MainThread]: Using duckdb connection "master"
[0m04:35:26.747050 [debug] [MainThread]: On master: BEGIN
[0m04:35:26.747161 [debug] [MainThread]: Opening a new connection, currently in state init
[0m04:35:26.749566 [debug] [MainThread]: SQL status: OK in 0.0 seconds
[0m04:35:26.749723 [debug] [MainThread]: On master: COMMIT
[0m04:35:26.749875 [debug] [MainThread]: Using duckdb connection "master"
[0m04:35:26.750022 [debug] [MainThread]: On master: COMMIT
[0m04:35:26.750175 [debug] [MainThread]: SQL status: OK in 0.0 seconds
[0m04:35:26.750299 [debug] [MainThread]: On master: Close
[0m04:35:26.750872 [info ] [MainThread]: Concurrency: 4 threads (target='dev')
[0m04:35:26.751026 [info ] [MainThread]: 
[0m04:35:26.752138 [debug] [Thread-1 (]: Began running node model.ecomm_analytics.stg_orders
[0m04:35:26.752339 [info ] [Thread-1 (]: 1 of 1 START sql table model staging.stg_orders ................................ [RUN]
[0m04:35:26.752806 [debug] [Thread-1 (]: Acquiring new duckdb connection 'model.ecomm_analytics.stg_orders'
[0m04:35:26.752950 [debug] [Thread-1 (]: Began compiling node model.ecomm_analytics.stg_orders
[0m04:35:26.755750 [debug] [Thread-1 (]: Writing injected SQL for node "model.ecomm_analytics.stg_orders"
[0m04:35:26.756223 [debug] [Thread-1 (]: Timing info for model.ecomm_analytics.stg_orders (compile): 04:35:26.753038 => 04:35:26.756150
[0m04:35:26.756373 [debug] [Thread-1 (]: Began executing node model.ecomm_analytics.stg_orders
[0m04:35:26.766607 [debug] [Thread-1 (]: Writing runtime sql for node "model.ecomm_analytics.stg_orders"
[0m04:35:26.767089 [debug] [Thread-1 (]: Using duckdb connection "model.ecomm_analytics.stg_orders"
[0m04:35:26.767245 [debug] [Thread-1 (]: On model.ecomm_analytics.stg_orders: BEGIN
[0m04:35:26.767432 [debug] [Thread-1 (]: Opening a new connection, currently in state init
[0m04:35:26.770161 [debug] [Thread-1 (]: SQL status: OK in 0.0 seconds
[0m04:35:26.770334 [debug] [Thread-1 (]: Using duckdb connection "model.ecomm_analytics.stg_orders"
[0m04:35:26.770490 [debug] [Thread-1 (]: On model.ecomm_analytics.stg_orders: /* {"app": "dbt", "dbt_version": "1.7.19", "profile_name": "ecomm", "target_name": "dev", "node_id": "model.ecomm_analytics.stg_orders"} */

  
    
    

    create  table
      "analytics"."staging"."stg_orders__dbt_tmp"
  
    as (
      

select
    order_id
    , customer_id
    , order_status
    , order_purchase_timestamp
    , 
    -- Assume the input timestamp is America/Sao_Paulo and convert to target timezone
    (order_purchase_timestamp::TIMESTAMP AT TIME ZONE 'America/Sao_Paulo' AT TIME ZONE 'America/New_York')
 as order_purchase_timestamp_et
    , order_approved_at
    , 
    -- Assume the input timestamp is America/Sao_Paulo and convert to target timezone
    (order_approved_at::TIMESTAMP AT TIME ZONE 'America/Sao_Paulo' AT TIME ZONE 'America/New_York')
 as order_approved_at_et
    , order_delivered_carrier_date
    , 
    -- Assume the input timestamp is America/Sao_Paulo and convert to target timezone
    (order_delivered_carrier_date::TIMESTAMP AT TIME ZONE 'America/Sao_Paulo' AT TIME ZONE 'America/New_York')
 as order_delivered_carrier_date_et
    , order_delivered_customer_date
    , 
    -- Assume the input timestamp is America/Sao_Paulo and convert to target timezone
    (order_delivered_customer_date::TIMESTAMP AT TIME ZONE 'America/Sao_Paulo' AT TIME ZONE 'America/New_York')
 as order_delivered_customer_date_et
    , order_estimated_delivery_date
    , 
    -- Assume the input timestamp is America/Sao_Paulo and convert to target timezone
    (order_estimated_delivery_date::TIMESTAMP AT TIME ZONE 'America/Sao_Paulo' AT TIME ZONE 'America/New_York')
 as order_estimated_delivery_date_et

from "analytics"."raw"."orders"
    );
  
  
[0m04:35:26.885480 [debug] [Thread-1 (]: SQL status: OK in 0.0 seconds
[0m04:35:26.887692 [debug] [Thread-1 (]: Using duckdb connection "model.ecomm_analytics.stg_orders"
[0m04:35:26.887875 [debug] [Thread-1 (]: On model.ecomm_analytics.stg_orders: /* {"app": "dbt", "dbt_version": "1.7.19", "profile_name": "ecomm", "target_name": "dev", "node_id": "model.ecomm_analytics.stg_orders"} */
alter table "analytics"."staging"."stg_orders__dbt_tmp" rename to "stg_orders"
[0m04:35:26.888196 [debug] [Thread-1 (]: SQL status: OK in 0.0 seconds
[0m04:35:26.893619 [debug] [Thread-1 (]: On model.ecomm_analytics.stg_orders: COMMIT
[0m04:35:26.893799 [debug] [Thread-1 (]: Using duckdb connection "model.ecomm_analytics.stg_orders"
[0m04:35:26.894002 [debug] [Thread-1 (]: On model.ecomm_analytics.stg_orders: COMMIT
[0m04:35:26.970635 [debug] [Thread-1 (]: SQL status: OK in 0.0 seconds
[0m04:35:26.972464 [debug] [Thread-1 (]: Using duckdb connection "model.ecomm_analytics.stg_orders"
[0m04:35:26.972615 [debug] [Thread-1 (]: On model.ecomm_analytics.stg_orders: /* {"app": "dbt", "dbt_version": "1.7.19", "profile_name": "ecomm", "target_name": "dev", "node_id": "model.ecomm_analytics.stg_orders"} */
drop table if exists "analytics"."staging"."stg_orders__dbt_backup" cascade
[0m04:35:26.972914 [debug] [Thread-1 (]: SQL status: OK in 0.0 seconds
[0m04:35:26.973399 [debug] [Thread-1 (]: Timing info for model.ecomm_analytics.stg_orders (execute): 04:35:26.756456 => 04:35:26.973342
[0m04:35:26.973545 [debug] [Thread-1 (]: On model.ecomm_analytics.stg_orders: Close
[0m04:35:27.027093 [debug] [Thread-1 (]: Sending event: {'category': 'dbt', 'action': 'run_model', 'label': '4dc76250-96c5-448c-9746-8fe9128c5209', 'context': [<snowplow_tracker.self_describing_json.SelfDescribingJson object at 0xffffa4419450>]}
[0m04:35:27.027402 [info ] [Thread-1 (]: 1 of 1 OK created sql table model staging.stg_orders ........................... [[32mOK[0m in 0.27s]
[0m04:35:27.027695 [debug] [Thread-1 (]: Finished running node model.ecomm_analytics.stg_orders
[0m04:35:27.028834 [debug] [MainThread]: Using duckdb connection "master"
[0m04:35:27.028990 [debug] [MainThread]: On master: BEGIN
[0m04:35:27.029122 [debug] [MainThread]: Opening a new connection, currently in state closed
[0m04:35:27.032525 [debug] [MainThread]: SQL status: OK in 0.0 seconds
[0m04:35:27.032723 [debug] [MainThread]: On master: COMMIT
[0m04:35:27.032872 [debug] [MainThread]: Using duckdb connection "master"
[0m04:35:27.033011 [debug] [MainThread]: On master: COMMIT
[0m04:35:27.033171 [debug] [MainThread]: SQL status: OK in 0.0 seconds
[0m04:35:27.033297 [debug] [MainThread]: On master: Close
[0m04:35:27.033905 [debug] [MainThread]: Connection 'master' was properly closed.
[0m04:35:27.034037 [debug] [MainThread]: Connection 'list_analytics_main' was properly closed.
[0m04:35:27.034130 [debug] [MainThread]: Connection 'list_analytics_staging' was properly closed.
[0m04:35:27.034213 [debug] [MainThread]: Connection 'model.ecomm_analytics.stg_orders' was properly closed.
[0m04:35:27.034321 [info ] [MainThread]: 
[0m04:35:27.034478 [info ] [MainThread]: Finished running 1 table model in 0 hours 0 minutes and 0.33 seconds (0.33s).
[0m04:35:27.034873 [debug] [MainThread]: Command end result
[0m04:35:27.038697 [info ] [MainThread]: 
[0m04:35:27.038941 [info ] [MainThread]: [32mCompleted successfully[0m
[0m04:35:27.039204 [info ] [MainThread]: 
[0m04:35:27.039370 [info ] [MainThread]: Done. PASS=1 WARN=0 ERROR=0 SKIP=0 TOTAL=1
[0m04:35:27.039785 [debug] [MainThread]: Resource report: {"command_name": "run", "command_success": true, "command_wall_clock_time": 0.690668, "process_user_time": 1.099275, "process_kernel_time": 0.060289, "process_mem_max_rss": "220248", "process_out_blocks": "54328", "process_in_blocks": "0"}
[0m04:35:27.039962 [debug] [MainThread]: Command `dbt run` succeeded at 04:35:27.039920 after 0.69 seconds
[0m04:35:27.040107 [debug] [MainThread]: Sending event: {'category': 'dbt', 'action': 'invocation', 'label': 'end', 'context': [<snowplow_tracker.self_describing_json.SelfDescribingJson object at 0xffffad8dbfd0>, <snowplow_tracker.self_describing_json.SelfDescribingJson object at 0xffffad5d3b10>, <snowplow_tracker.self_describing_json.SelfDescribingJson object at 0xffffad5d3990>]}
[0m04:35:27.040245 [debug] [MainThread]: Flushing usage events
[0m04:36:26.045856 [debug] [MainThread]: Sending event: {'category': 'dbt', 'action': 'invocation', 'label': 'start', 'context': [<snowplow_tracker.self_describing_json.SelfDescribingJson object at 0xffff8ffcb510>, <snowplow_tracker.self_describing_json.SelfDescribingJson object at 0xffff8ffc8dd0>, <snowplow_tracker.self_describing_json.SelfDescribingJson object at 0xffff8ffcb3d0>]}


============================== 04:36:26.046941 | 6db68b85-ec3c-459b-813c-7eee3b4b5b02 ==============================
[0m04:36:26.046941 [info ] [MainThread]: Running with dbt=1.7.19
[0m04:36:26.047218 [debug] [MainThread]: running dbt with arguments {'printer_width': '80', 'indirect_selection': 'eager', 'log_cache_events': 'False', 'write_json': 'True', 'partial_parse': 'True', 'cache_selected_only': 'False', 'warn_error': 'None', 'debug': 'False', 'version_check': 'True', 'log_path': '/app/dbt_project/logs', 'profiles_dir': '/app/dbt_project', 'fail_fast': 'False', 'use_colors': 'True', 'use_experimental_parser': 'False', 'no_print': 'None', 'quiet': 'False', 'log_format': 'default', 'introspect': 'True', 'invocation_command': 'dbt run -s stg_orders', 'static_parser': 'True', 'target_path': 'None', 'warn_error_options': 'WarnErrorOptions(include=[], exclude=[])', 'send_anonymous_usage_stats': 'True'}
[0m04:36:26.095577 [debug] [MainThread]: Sending event: {'category': 'dbt', 'action': 'project_id', 'label': '6db68b85-ec3c-459b-813c-7eee3b4b5b02', 'context': [<snowplow_tracker.self_describing_json.SelfDescribingJson object at 0xffff8fe482d0>]}
[0m04:36:26.110567 [debug] [MainThread]: Sending event: {'category': 'dbt', 'action': 'adapter_info', 'label': '6db68b85-ec3c-459b-813c-7eee3b4b5b02', 'context': [<snowplow_tracker.self_describing_json.SelfDescribingJson object at 0xffff8fe3f4d0>]}
[0m04:36:26.110833 [info ] [MainThread]: Registered adapter: duckdb=1.7.3
[0m04:36:26.113299 [debug] [MainThread]: checksum: a8d43cdff37d0f32d7fbe4c5c25bea4bb6c86e162f8ce8fdb1a38cdcf7495431, vars: {}, profile: , target: , version: 1.7.19
[0m04:36:26.116349 [info ] [MainThread]: Unable to do partial parsing because of a version mismatch
[0m04:36:26.116534 [debug] [MainThread]: Sending event: {'category': 'dbt', 'action': 'partial_parser', 'label': '6db68b85-ec3c-459b-813c-7eee3b4b5b02', 'context': [<snowplow_tracker.self_describing_json.SelfDescribingJson object at 0xffff8ffc39d0>]}
[0m04:36:26.383459 [debug] [MainThread]: Sending event: {'category': 'dbt', 'action': 'load_project', 'label': '6db68b85-ec3c-459b-813c-7eee3b4b5b02', 'context': [<snowplow_tracker.self_describing_json.SelfDescribingJson object at 0xffff885cf710>]}
[0m04:36:26.387119 [debug] [MainThread]: Sending event: {'category': 'dbt', 'action': 'resource_counts', 'label': '6db68b85-ec3c-459b-813c-7eee3b4b5b02', 'context': [<snowplow_tracker.self_describing_json.SelfDescribingJson object at 0xffff86fc78d0>]}
[0m04:36:26.387307 [info ] [MainThread]: Found 2 models, 9 sources, 0 exposures, 0 metrics, 392 macros, 0 groups, 0 semantic models
[0m04:36:26.387498 [debug] [MainThread]: Sending event: {'category': 'dbt', 'action': 'runnable_timing', 'label': '6db68b85-ec3c-459b-813c-7eee3b4b5b02', 'context': [<snowplow_tracker.self_describing_json.SelfDescribingJson object at 0xffff8863f250>]}
[0m04:36:26.388058 [info ] [MainThread]: 
[0m04:36:26.388412 [debug] [MainThread]: Acquiring new duckdb connection 'master'
[0m04:36:26.388849 [debug] [ThreadPool]: Acquiring new duckdb connection 'list_analytics'
[0m04:36:26.392648 [debug] [ThreadPool]: Using duckdb connection "list_analytics"
[0m04:36:26.392841 [debug] [ThreadPool]: On list_analytics: /* {"app": "dbt", "dbt_version": "1.7.19", "profile_name": "ecomm", "target_name": "dev", "connection_name": "list_analytics"} */

    
    select schema_name
    from system.information_schema.schemata
    
    where catalog_name = '"analytics"'
    
  
  
[0m04:36:26.392986 [debug] [ThreadPool]: Opening a new connection, currently in state init
[0m04:36:26.396846 [debug] [ThreadPool]: SQL status: OK in 0.0 seconds
[0m04:36:26.397316 [debug] [ThreadPool]: On list_analytics: Close
[0m04:36:26.398339 [debug] [ThreadPool]: Re-using an available connection from the pool (formerly list_analytics, now create_analytics_main_staging)
[0m04:36:26.398591 [debug] [ThreadPool]: Creating schema "database: "analytics"
schema: "main_staging"
"
[0m04:36:26.400739 [debug] [ThreadPool]: Using duckdb connection "create_analytics_main_staging"
[0m04:36:26.400897 [debug] [ThreadPool]: On create_analytics_main_staging: /* {"app": "dbt", "dbt_version": "1.7.19", "profile_name": "ecomm", "target_name": "dev", "connection_name": "create_analytics_main_staging"} */

    
        select type from duckdb_databases()
        where database_name='analytics'
        and type='sqlite'
    
  
[0m04:36:26.401258 [debug] [ThreadPool]: Opening a new connection, currently in state closed
[0m04:36:26.404186 [debug] [ThreadPool]: SQL status: OK in 0.0 seconds
[0m04:36:26.404742 [debug] [ThreadPool]: Using duckdb connection "create_analytics_main_staging"
[0m04:36:26.404871 [debug] [ThreadPool]: On create_analytics_main_staging: BEGIN
[0m04:36:26.405027 [debug] [ThreadPool]: SQL status: OK in 0.0 seconds
[0m04:36:26.405145 [debug] [ThreadPool]: Using duckdb connection "create_analytics_main_staging"
[0m04:36:26.405243 [debug] [ThreadPool]: On create_analytics_main_staging: /* {"app": "dbt", "dbt_version": "1.7.19", "profile_name": "ecomm", "target_name": "dev", "connection_name": "create_analytics_main_staging"} */

    
    
        create schema if not exists "analytics"."main_staging"
    
[0m04:36:26.405397 [debug] [ThreadPool]: SQL status: OK in 0.0 seconds
[0m04:36:26.405680 [debug] [ThreadPool]: On create_analytics_main_staging: COMMIT
[0m04:36:26.405791 [debug] [ThreadPool]: Using duckdb connection "create_analytics_main_staging"
[0m04:36:26.405883 [debug] [ThreadPool]: On create_analytics_main_staging: COMMIT
[0m04:36:26.406141 [debug] [ThreadPool]: SQL status: OK in 0.0 seconds
[0m04:36:26.406255 [debug] [ThreadPool]: On create_analytics_main_staging: Close
[0m04:36:26.408814 [debug] [ThreadPool]: Acquiring new duckdb connection 'list_analytics_main'
[0m04:36:26.409129 [debug] [ThreadPool]: Re-using an available connection from the pool (formerly create_analytics_main_staging, now list_analytics_main_staging)
[0m04:36:26.412003 [debug] [ThreadPool]: Using duckdb connection "list_analytics_main_staging"
[0m04:36:26.411306 [debug] [ThreadPool]: Using duckdb connection "list_analytics_main"
[0m04:36:26.412361 [debug] [ThreadPool]: On list_analytics_main: BEGIN
[0m04:36:26.412143 [debug] [ThreadPool]: On list_analytics_main_staging: BEGIN
[0m04:36:26.412658 [debug] [ThreadPool]: Opening a new connection, currently in state closed
[0m04:36:26.412529 [debug] [ThreadPool]: Opening a new connection, currently in state init
[0m04:36:26.415429 [debug] [ThreadPool]: SQL status: OK in 0.0 seconds
[0m04:36:26.415200 [debug] [ThreadPool]: SQL status: OK in 0.0 seconds
[0m04:36:26.415681 [debug] [ThreadPool]: Using duckdb connection "list_analytics_main_staging"
[0m04:36:26.415561 [debug] [ThreadPool]: Using duckdb connection "list_analytics_main"
[0m04:36:26.415918 [debug] [ThreadPool]: On list_analytics_main: /* {"app": "dbt", "dbt_version": "1.7.19", "profile_name": "ecomm", "target_name": "dev", "connection_name": "list_analytics_main"} */
select
      'analytics' as database,
      table_name as name,
      table_schema as schema,
      CASE table_type
        WHEN 'BASE TABLE' THEN 'table'
        WHEN 'VIEW' THEN 'view'
        WHEN 'LOCAL TEMPORARY' THEN 'table'
        END as type
    from system.information_schema.tables
    where table_schema = 'main'
    and table_catalog = 'analytics'
  
[0m04:36:26.415798 [debug] [ThreadPool]: On list_analytics_main_staging: /* {"app": "dbt", "dbt_version": "1.7.19", "profile_name": "ecomm", "target_name": "dev", "connection_name": "list_analytics_main_staging"} */
select
      'analytics' as database,
      table_name as name,
      table_schema as schema,
      CASE table_type
        WHEN 'BASE TABLE' THEN 'table'
        WHEN 'VIEW' THEN 'view'
        WHEN 'LOCAL TEMPORARY' THEN 'table'
        END as type
    from system.information_schema.tables
    where table_schema = 'main_staging'
    and table_catalog = 'analytics'
  
[0m04:36:26.424437 [debug] [ThreadPool]: SQL status: OK in 0.0 seconds
[0m04:36:26.426410 [debug] [ThreadPool]: SQL status: OK in 0.0 seconds
[0m04:36:26.427159 [debug] [ThreadPool]: On list_analytics_main_staging: ROLLBACK
[0m04:36:26.427434 [debug] [ThreadPool]: Failed to rollback 'list_analytics_main_staging'
[0m04:36:26.426881 [debug] [ThreadPool]: On list_analytics_main: ROLLBACK
[0m04:36:26.427785 [debug] [ThreadPool]: Failed to rollback 'list_analytics_main'
[0m04:36:26.427590 [debug] [ThreadPool]: On list_analytics_main_staging: Close
[0m04:36:26.427935 [debug] [ThreadPool]: On list_analytics_main: Close
[0m04:36:26.429322 [debug] [MainThread]: Sending event: {'category': 'dbt', 'action': 'runnable_timing', 'label': '6db68b85-ec3c-459b-813c-7eee3b4b5b02', 'context': [<snowplow_tracker.self_describing_json.SelfDescribingJson object at 0xffff886387d0>]}
[0m04:36:26.429550 [debug] [MainThread]: Using duckdb connection "master"
[0m04:36:26.429670 [debug] [MainThread]: On master: BEGIN
[0m04:36:26.429785 [debug] [MainThread]: Opening a new connection, currently in state init
[0m04:36:26.432473 [debug] [MainThread]: SQL status: OK in 0.0 seconds
[0m04:36:26.432615 [debug] [MainThread]: On master: COMMIT
[0m04:36:26.432735 [debug] [MainThread]: Using duckdb connection "master"
[0m04:36:26.432843 [debug] [MainThread]: On master: COMMIT
[0m04:36:26.432988 [debug] [MainThread]: SQL status: OK in 0.0 seconds
[0m04:36:26.433099 [debug] [MainThread]: On master: Close
[0m04:36:26.433715 [info ] [MainThread]: Concurrency: 4 threads (target='dev')
[0m04:36:26.433869 [info ] [MainThread]: 
[0m04:36:26.434998 [debug] [Thread-1 (]: Began running node model.ecomm_analytics.stg_orders
[0m04:36:26.435211 [info ] [Thread-1 (]: 1 of 1 START sql table model main_staging.stg_orders ........................... [RUN]
[0m04:36:26.435658 [debug] [Thread-1 (]: Acquiring new duckdb connection 'model.ecomm_analytics.stg_orders'
[0m04:36:26.435793 [debug] [Thread-1 (]: Began compiling node model.ecomm_analytics.stg_orders
[0m04:36:26.438243 [debug] [Thread-1 (]: Writing injected SQL for node "model.ecomm_analytics.stg_orders"
[0m04:36:26.438672 [debug] [Thread-1 (]: Timing info for model.ecomm_analytics.stg_orders (compile): 04:36:26.435887 => 04:36:26.438590
[0m04:36:26.438789 [debug] [Thread-1 (]: Began executing node model.ecomm_analytics.stg_orders
[0m04:36:26.448370 [debug] [Thread-1 (]: Writing runtime sql for node "model.ecomm_analytics.stg_orders"
[0m04:36:26.448816 [debug] [Thread-1 (]: Using duckdb connection "model.ecomm_analytics.stg_orders"
[0m04:36:26.448943 [debug] [Thread-1 (]: On model.ecomm_analytics.stg_orders: BEGIN
[0m04:36:26.449051 [debug] [Thread-1 (]: Opening a new connection, currently in state init
[0m04:36:26.451996 [debug] [Thread-1 (]: SQL status: OK in 0.0 seconds
[0m04:36:26.452142 [debug] [Thread-1 (]: Using duckdb connection "model.ecomm_analytics.stg_orders"
[0m04:36:26.452270 [debug] [Thread-1 (]: On model.ecomm_analytics.stg_orders: /* {"app": "dbt", "dbt_version": "1.7.19", "profile_name": "ecomm", "target_name": "dev", "node_id": "model.ecomm_analytics.stg_orders"} */

  
    
    

    create  table
      "analytics"."main_staging"."stg_orders__dbt_tmp"
  
    as (
      

select
    order_id
    , customer_id
    

from "analytics"."raw"."orders"
    );
  
  
[0m04:36:26.478705 [debug] [Thread-1 (]: SQL status: OK in 0.0 seconds
[0m04:36:26.480864 [debug] [Thread-1 (]: Using duckdb connection "model.ecomm_analytics.stg_orders"
[0m04:36:26.481014 [debug] [Thread-1 (]: On model.ecomm_analytics.stg_orders: /* {"app": "dbt", "dbt_version": "1.7.19", "profile_name": "ecomm", "target_name": "dev", "node_id": "model.ecomm_analytics.stg_orders"} */
alter table "analytics"."main_staging"."stg_orders__dbt_tmp" rename to "stg_orders"
[0m04:36:26.481247 [debug] [Thread-1 (]: SQL status: OK in 0.0 seconds
[0m04:36:26.486352 [debug] [Thread-1 (]: On model.ecomm_analytics.stg_orders: COMMIT
[0m04:36:26.486492 [debug] [Thread-1 (]: Using duckdb connection "model.ecomm_analytics.stg_orders"
[0m04:36:26.486615 [debug] [Thread-1 (]: On model.ecomm_analytics.stg_orders: COMMIT
[0m04:36:26.523890 [debug] [Thread-1 (]: SQL status: OK in 0.0 seconds
[0m04:36:26.525670 [debug] [Thread-1 (]: Using duckdb connection "model.ecomm_analytics.stg_orders"
[0m04:36:26.525831 [debug] [Thread-1 (]: On model.ecomm_analytics.stg_orders: /* {"app": "dbt", "dbt_version": "1.7.19", "profile_name": "ecomm", "target_name": "dev", "node_id": "model.ecomm_analytics.stg_orders"} */
drop table if exists "analytics"."main_staging"."stg_orders__dbt_backup" cascade
[0m04:36:26.526102 [debug] [Thread-1 (]: SQL status: OK in 0.0 seconds
[0m04:36:26.526629 [debug] [Thread-1 (]: Timing info for model.ecomm_analytics.stg_orders (execute): 04:36:26.438865 => 04:36:26.526572
[0m04:36:26.526793 [debug] [Thread-1 (]: On model.ecomm_analytics.stg_orders: Close
[0m04:36:26.561177 [debug] [Thread-1 (]: Sending event: {'category': 'dbt', 'action': 'run_model', 'label': '6db68b85-ec3c-459b-813c-7eee3b4b5b02', 'context': [<snowplow_tracker.self_describing_json.SelfDescribingJson object at 0xffff86fc3290>]}
[0m04:36:26.561498 [info ] [Thread-1 (]: 1 of 1 OK created sql table model main_staging.stg_orders ...................... [[32mOK[0m in 0.13s]
[0m04:36:26.561786 [debug] [Thread-1 (]: Finished running node model.ecomm_analytics.stg_orders
[0m04:36:26.562528 [debug] [MainThread]: Using duckdb connection "master"
[0m04:36:26.562672 [debug] [MainThread]: On master: BEGIN
[0m04:36:26.562780 [debug] [MainThread]: Opening a new connection, currently in state closed
[0m04:36:26.565626 [debug] [MainThread]: SQL status: OK in 0.0 seconds
[0m04:36:26.565760 [debug] [MainThread]: On master: COMMIT
[0m04:36:26.565859 [debug] [MainThread]: Using duckdb connection "master"
[0m04:36:26.565950 [debug] [MainThread]: On master: COMMIT
[0m04:36:26.566067 [debug] [MainThread]: SQL status: OK in 0.0 seconds
[0m04:36:26.566167 [debug] [MainThread]: On master: Close
[0m04:36:26.566797 [debug] [MainThread]: Connection 'master' was properly closed.
[0m04:36:26.566927 [debug] [MainThread]: Connection 'list_analytics_main_staging' was properly closed.
[0m04:36:26.567025 [debug] [MainThread]: Connection 'list_analytics_main' was properly closed.
[0m04:36:26.567107 [debug] [MainThread]: Connection 'model.ecomm_analytics.stg_orders' was properly closed.
[0m04:36:26.567217 [info ] [MainThread]: 
[0m04:36:26.567398 [info ] [MainThread]: Finished running 1 table model in 0 hours 0 minutes and 0.18 seconds (0.18s).
[0m04:36:26.567875 [debug] [MainThread]: Command end result
[0m04:36:26.571838 [info ] [MainThread]: 
[0m04:36:26.572109 [info ] [MainThread]: [32mCompleted successfully[0m
[0m04:36:26.572319 [info ] [MainThread]: 
[0m04:36:26.572506 [info ] [MainThread]: Done. PASS=1 WARN=0 ERROR=0 SKIP=0 TOTAL=1
[0m04:36:26.572967 [debug] [MainThread]: Resource report: {"command_name": "run", "command_success": true, "command_wall_clock_time": 0.5386885, "process_user_time": 0.998641, "process_kernel_time": 0.050778, "process_mem_max_rss": "197008", "process_out_blocks": "25401", "process_in_blocks": "0"}
[0m04:36:26.573151 [debug] [MainThread]: Command `dbt run` succeeded at 04:36:26.573117 after 0.54 seconds
[0m04:36:26.573327 [debug] [MainThread]: Sending event: {'category': 'dbt', 'action': 'invocation', 'label': 'end', 'context': [<snowplow_tracker.self_describing_json.SelfDescribingJson object at 0xffff8fe3fbd0>, <snowplow_tracker.self_describing_json.SelfDescribingJson object at 0xffff8fe3f350>, <snowplow_tracker.self_describing_json.SelfDescribingJson object at 0xffff9121a510>]}
[0m04:36:26.573502 [debug] [MainThread]: Flushing usage events
[0m04:37:05.934204 [debug] [MainThread]: Sending event: {'category': 'dbt', 'action': 'invocation', 'label': 'start', 'context': [<snowplow_tracker.self_describing_json.SelfDescribingJson object at 0xffffa2f78c90>, <snowplow_tracker.self_describing_json.SelfDescribingJson object at 0xffffa2f23b10>, <snowplow_tracker.self_describing_json.SelfDescribingJson object at 0xffffa2f2ab10>]}


============================== 04:37:05.935300 | 931a6c26-d22b-416f-8c86-bdd32e1a3d62 ==============================
[0m04:37:05.935300 [info ] [MainThread]: Running with dbt=1.7.19
[0m04:37:05.935561 [debug] [MainThread]: running dbt with arguments {'printer_width': '80', 'indirect_selection': 'eager', 'write_json': 'True', 'log_cache_events': 'False', 'partial_parse': 'True', 'cache_selected_only': 'False', 'warn_error': 'None', 'debug': 'False', 'fail_fast': 'False', 'log_path': '/app/dbt_project/logs', 'version_check': 'True', 'profiles_dir': '/app/dbt_project', 'use_colors': 'True', 'use_experimental_parser': 'False', 'no_print': 'None', 'quiet': 'False', 'warn_error_options': 'WarnErrorOptions(include=[], exclude=[])', 'introspect': 'True', 'static_parser': 'True', 'log_format': 'default', 'target_path': 'None', 'invocation_command': 'dbt run -s stg_orders', 'send_anonymous_usage_stats': 'True'}
[0m04:37:05.984472 [debug] [MainThread]: Sending event: {'category': 'dbt', 'action': 'project_id', 'label': '931a6c26-d22b-416f-8c86-bdd32e1a3d62', 'context': [<snowplow_tracker.self_describing_json.SelfDescribingJson object at 0xffffa3b5f5d0>]}
[0m04:37:05.999859 [debug] [MainThread]: Sending event: {'category': 'dbt', 'action': 'adapter_info', 'label': '931a6c26-d22b-416f-8c86-bdd32e1a3d62', 'context': [<snowplow_tracker.self_describing_json.SelfDescribingJson object at 0xffff9b736ad0>]}
[0m04:37:06.000145 [info ] [MainThread]: Registered adapter: duckdb=1.7.3
[0m04:37:06.002597 [debug] [MainThread]: checksum: a8d43cdff37d0f32d7fbe4c5c25bea4bb6c86e162f8ce8fdb1a38cdcf7495431, vars: {}, profile: , target: , version: 1.7.19
[0m04:37:06.005676 [info ] [MainThread]: Unable to do partial parsing because of a version mismatch
[0m04:37:06.005880 [debug] [MainThread]: Sending event: {'category': 'dbt', 'action': 'partial_parser', 'label': '931a6c26-d22b-416f-8c86-bdd32e1a3d62', 'context': [<snowplow_tracker.self_describing_json.SelfDescribingJson object at 0xffffa2dbfe10>]}
[0m04:37:06.277483 [debug] [MainThread]: Sending event: {'category': 'dbt', 'action': 'load_project', 'label': '931a6c26-d22b-416f-8c86-bdd32e1a3d62', 'context': [<snowplow_tracker.self_describing_json.SelfDescribingJson object at 0xffff9b62e610>]}
[0m04:37:06.281121 [debug] [MainThread]: Sending event: {'category': 'dbt', 'action': 'resource_counts', 'label': '931a6c26-d22b-416f-8c86-bdd32e1a3d62', 'context': [<snowplow_tracker.self_describing_json.SelfDescribingJson object at 0xffff9b6cb610>]}
[0m04:37:06.281302 [info ] [MainThread]: Found 2 models, 9 sources, 0 exposures, 0 metrics, 392 macros, 0 groups, 0 semantic models
[0m04:37:06.281482 [debug] [MainThread]: Sending event: {'category': 'dbt', 'action': 'runnable_timing', 'label': '931a6c26-d22b-416f-8c86-bdd32e1a3d62', 'context': [<snowplow_tracker.self_describing_json.SelfDescribingJson object at 0xffff9b61f7d0>]}
[0m04:37:06.282072 [info ] [MainThread]: 
[0m04:37:06.282431 [debug] [MainThread]: Acquiring new duckdb connection 'master'
[0m04:37:06.282867 [debug] [ThreadPool]: Acquiring new duckdb connection 'list_analytics'
[0m04:37:06.286374 [debug] [ThreadPool]: Using duckdb connection "list_analytics"
[0m04:37:06.286510 [debug] [ThreadPool]: On list_analytics: /* {"app": "dbt", "dbt_version": "1.7.19", "profile_name": "ecomm", "target_name": "dev", "connection_name": "list_analytics"} */

    
    select schema_name
    from system.information_schema.schemata
    
    where catalog_name = '"analytics"'
    
  
  
[0m04:37:06.286627 [debug] [ThreadPool]: Opening a new connection, currently in state init
[0m04:37:06.290499 [debug] [ThreadPool]: SQL status: OK in 0.0 seconds
[0m04:37:06.290959 [debug] [ThreadPool]: On list_analytics: Close
[0m04:37:06.291933 [debug] [ThreadPool]: Re-using an available connection from the pool (formerly list_analytics, now create_analytics_main_staging)
[0m04:37:06.292209 [debug] [ThreadPool]: Creating schema "database: "analytics"
schema: "main_staging"
"
[0m04:37:06.294238 [debug] [ThreadPool]: Using duckdb connection "create_analytics_main_staging"
[0m04:37:06.294377 [debug] [ThreadPool]: On create_analytics_main_staging: /* {"app": "dbt", "dbt_version": "1.7.19", "profile_name": "ecomm", "target_name": "dev", "connection_name": "create_analytics_main_staging"} */

    
        select type from duckdb_databases()
        where database_name='analytics'
        and type='sqlite'
    
  
[0m04:37:06.294478 [debug] [ThreadPool]: Opening a new connection, currently in state closed
[0m04:37:06.297034 [debug] [ThreadPool]: SQL status: OK in 0.0 seconds
[0m04:37:06.297465 [debug] [ThreadPool]: Using duckdb connection "create_analytics_main_staging"
[0m04:37:06.297590 [debug] [ThreadPool]: On create_analytics_main_staging: BEGIN
[0m04:37:06.297754 [debug] [ThreadPool]: SQL status: OK in 0.0 seconds
[0m04:37:06.297868 [debug] [ThreadPool]: Using duckdb connection "create_analytics_main_staging"
[0m04:37:06.297969 [debug] [ThreadPool]: On create_analytics_main_staging: /* {"app": "dbt", "dbt_version": "1.7.19", "profile_name": "ecomm", "target_name": "dev", "connection_name": "create_analytics_main_staging"} */

    
    
        create schema if not exists "analytics"."main_staging"
    
[0m04:37:06.298159 [debug] [ThreadPool]: SQL status: OK in 0.0 seconds
[0m04:37:06.298428 [debug] [ThreadPool]: On create_analytics_main_staging: COMMIT
[0m04:37:06.298577 [debug] [ThreadPool]: Using duckdb connection "create_analytics_main_staging"
[0m04:37:06.298889 [debug] [ThreadPool]: On create_analytics_main_staging: COMMIT
[0m04:37:06.299245 [debug] [ThreadPool]: SQL status: OK in 0.0 seconds
[0m04:37:06.299466 [debug] [ThreadPool]: On create_analytics_main_staging: Close
[0m04:37:06.300740 [debug] [ThreadPool]: Acquiring new duckdb connection 'list_analytics_main_staging'
[0m04:37:06.301004 [debug] [ThreadPool]: Re-using an available connection from the pool (formerly create_analytics_main_staging, now list_analytics_main)
[0m04:37:06.303296 [debug] [ThreadPool]: Using duckdb connection "list_analytics_main_staging"
[0m04:37:06.304114 [debug] [ThreadPool]: On list_analytics_main_staging: BEGIN
[0m04:37:06.303964 [debug] [ThreadPool]: Using duckdb connection "list_analytics_main"
[0m04:37:06.304363 [debug] [ThreadPool]: On list_analytics_main: BEGIN
[0m04:37:06.304243 [debug] [ThreadPool]: Opening a new connection, currently in state init
[0m04:37:06.304464 [debug] [ThreadPool]: Opening a new connection, currently in state closed
[0m04:37:06.307612 [debug] [ThreadPool]: SQL status: OK in 0.0 seconds
[0m04:37:06.307389 [debug] [ThreadPool]: SQL status: OK in 0.0 seconds
[0m04:37:06.307856 [debug] [ThreadPool]: Using duckdb connection "list_analytics_main_staging"
[0m04:37:06.307740 [debug] [ThreadPool]: Using duckdb connection "list_analytics_main"
[0m04:37:06.308093 [debug] [ThreadPool]: On list_analytics_main: /* {"app": "dbt", "dbt_version": "1.7.19", "profile_name": "ecomm", "target_name": "dev", "connection_name": "list_analytics_main"} */
select
      'analytics' as database,
      table_name as name,
      table_schema as schema,
      CASE table_type
        WHEN 'BASE TABLE' THEN 'table'
        WHEN 'VIEW' THEN 'view'
        WHEN 'LOCAL TEMPORARY' THEN 'table'
        END as type
    from system.information_schema.tables
    where table_schema = 'main'
    and table_catalog = 'analytics'
  
[0m04:37:06.307968 [debug] [ThreadPool]: On list_analytics_main_staging: /* {"app": "dbt", "dbt_version": "1.7.19", "profile_name": "ecomm", "target_name": "dev", "connection_name": "list_analytics_main_staging"} */
select
      'analytics' as database,
      table_name as name,
      table_schema as schema,
      CASE table_type
        WHEN 'BASE TABLE' THEN 'table'
        WHEN 'VIEW' THEN 'view'
        WHEN 'LOCAL TEMPORARY' THEN 'table'
        END as type
    from system.information_schema.tables
    where table_schema = 'main_staging'
    and table_catalog = 'analytics'
  
[0m04:37:06.314642 [debug] [ThreadPool]: SQL status: OK in 0.0 seconds
[0m04:37:06.316115 [debug] [ThreadPool]: On list_analytics_main: ROLLBACK
[0m04:37:06.317815 [debug] [ThreadPool]: Failed to rollback 'list_analytics_main'
[0m04:37:06.317941 [debug] [ThreadPool]: On list_analytics_main: Close
[0m04:37:06.317600 [debug] [ThreadPool]: SQL status: OK in 0.0 seconds
[0m04:37:06.319679 [debug] [ThreadPool]: On list_analytics_main_staging: ROLLBACK
[0m04:37:06.319851 [debug] [ThreadPool]: Failed to rollback 'list_analytics_main_staging'
[0m04:37:06.319967 [debug] [ThreadPool]: On list_analytics_main_staging: Close
[0m04:37:06.320923 [debug] [MainThread]: Sending event: {'category': 'dbt', 'action': 'runnable_timing', 'label': '931a6c26-d22b-416f-8c86-bdd32e1a3d62', 'context': [<snowplow_tracker.self_describing_json.SelfDescribingJson object at 0xffffa2e7fcd0>]}
[0m04:37:06.321156 [debug] [MainThread]: Using duckdb connection "master"
[0m04:37:06.321287 [debug] [MainThread]: On master: BEGIN
[0m04:37:06.321386 [debug] [MainThread]: Opening a new connection, currently in state init
[0m04:37:06.323874 [debug] [MainThread]: SQL status: OK in 0.0 seconds
[0m04:37:06.324021 [debug] [MainThread]: On master: COMMIT
[0m04:37:06.324135 [debug] [MainThread]: Using duckdb connection "master"
[0m04:37:06.324225 [debug] [MainThread]: On master: COMMIT
[0m04:37:06.324345 [debug] [MainThread]: SQL status: OK in 0.0 seconds
[0m04:37:06.324461 [debug] [MainThread]: On master: Close
[0m04:37:06.325065 [info ] [MainThread]: Concurrency: 4 threads (target='dev')
[0m04:37:06.325233 [info ] [MainThread]: 
[0m04:37:06.326378 [debug] [Thread-1 (]: Began running node model.ecomm_analytics.stg_orders
[0m04:37:06.326584 [info ] [Thread-1 (]: 1 of 1 START sql table model main_staging.stg_orders ........................... [RUN]
[0m04:37:06.327040 [debug] [Thread-1 (]: Acquiring new duckdb connection 'model.ecomm_analytics.stg_orders'
[0m04:37:06.327203 [debug] [Thread-1 (]: Began compiling node model.ecomm_analytics.stg_orders
[0m04:37:06.330010 [debug] [Thread-1 (]: Writing injected SQL for node "model.ecomm_analytics.stg_orders"
[0m04:37:06.330478 [debug] [Thread-1 (]: Timing info for model.ecomm_analytics.stg_orders (compile): 04:37:06.327298 => 04:37:06.330400
[0m04:37:06.330602 [debug] [Thread-1 (]: Began executing node model.ecomm_analytics.stg_orders
[0m04:37:06.340305 [debug] [Thread-1 (]: Writing runtime sql for node "model.ecomm_analytics.stg_orders"
[0m04:37:06.340692 [debug] [Thread-1 (]: Using duckdb connection "model.ecomm_analytics.stg_orders"
[0m04:37:06.340808 [debug] [Thread-1 (]: On model.ecomm_analytics.stg_orders: BEGIN
[0m04:37:06.340913 [debug] [Thread-1 (]: Opening a new connection, currently in state init
[0m04:37:06.343681 [debug] [Thread-1 (]: SQL status: OK in 0.0 seconds
[0m04:37:06.343851 [debug] [Thread-1 (]: Using duckdb connection "model.ecomm_analytics.stg_orders"
[0m04:37:06.344020 [debug] [Thread-1 (]: On model.ecomm_analytics.stg_orders: /* {"app": "dbt", "dbt_version": "1.7.19", "profile_name": "ecomm", "target_name": "dev", "node_id": "model.ecomm_analytics.stg_orders"} */

  
    
    

    create  table
      "analytics"."main_staging"."stg_orders__dbt_tmp"
  
    as (
      

select
    order_id
    , customer_id
    , order_status
    , order_purchase_timestamp
    , 
    -- Assume the input timestamp is America/Sao_Paulo and convert to target timezone
    (order_purchase_timestamp::TIMESTAMP AT TIME ZONE 'America/Sao_Paulo' AT TIME ZONE 'America/New_York')
 as order_purchase_timestamp_et
    , order_approved_at
    , 
    -- Assume the input timestamp is America/Sao_Paulo and convert to target timezone
    (order_approved_at::TIMESTAMP AT TIME ZONE 'America/Sao_Paulo' AT TIME ZONE 'America/New_York')
 as order_approved_at_et
    , order_delivered_carrier_date
    , 
    -- Assume the input timestamp is America/Sao_Paulo and convert to target timezone
    (order_delivered_carrier_date::TIMESTAMP AT TIME ZONE 'America/Sao_Paulo' AT TIME ZONE 'America/New_York')
 as order_delivered_carrier_date_et
    , order_delivered_customer_date
    , 
    -- Assume the input timestamp is America/Sao_Paulo and convert to target timezone
    (order_delivered_customer_date::TIMESTAMP AT TIME ZONE 'America/Sao_Paulo' AT TIME ZONE 'America/New_York')
 as order_delivered_customer_date_et
    , order_estimated_delivery_date
    , 
    -- Assume the input timestamp is America/Sao_Paulo and convert to target timezone
    (order_estimated_delivery_date::TIMESTAMP AT TIME ZONE 'America/Sao_Paulo' AT TIME ZONE 'America/New_York')
 as order_estimated_delivery_date_et

from "analytics"."raw"."orders"
    );
  
  
[0m04:37:06.451376 [debug] [Thread-1 (]: SQL status: OK in 0.0 seconds
[0m04:37:06.453585 [debug] [Thread-1 (]: Using duckdb connection "model.ecomm_analytics.stg_orders"
[0m04:37:06.453756 [debug] [Thread-1 (]: On model.ecomm_analytics.stg_orders: /* {"app": "dbt", "dbt_version": "1.7.19", "profile_name": "ecomm", "target_name": "dev", "node_id": "model.ecomm_analytics.stg_orders"} */
alter table "analytics"."main_staging"."stg_orders" rename to "stg_orders__dbt_backup"
[0m04:37:06.454056 [debug] [Thread-1 (]: SQL status: OK in 0.0 seconds
[0m04:37:06.454944 [debug] [Thread-1 (]: Using duckdb connection "model.ecomm_analytics.stg_orders"
[0m04:37:06.455084 [debug] [Thread-1 (]: On model.ecomm_analytics.stg_orders: /* {"app": "dbt", "dbt_version": "1.7.19", "profile_name": "ecomm", "target_name": "dev", "node_id": "model.ecomm_analytics.stg_orders"} */
alter table "analytics"."main_staging"."stg_orders__dbt_tmp" rename to "stg_orders"
[0m04:37:06.455262 [debug] [Thread-1 (]: SQL status: OK in 0.0 seconds
[0m04:37:06.460821 [debug] [Thread-1 (]: On model.ecomm_analytics.stg_orders: COMMIT
[0m04:37:06.460967 [debug] [Thread-1 (]: Using duckdb connection "model.ecomm_analytics.stg_orders"
[0m04:37:06.461093 [debug] [Thread-1 (]: On model.ecomm_analytics.stg_orders: COMMIT
[0m04:37:06.537117 [debug] [Thread-1 (]: SQL status: OK in 0.0 seconds
[0m04:37:06.539119 [debug] [Thread-1 (]: Using duckdb connection "model.ecomm_analytics.stg_orders"
[0m04:37:06.539296 [debug] [Thread-1 (]: On model.ecomm_analytics.stg_orders: /* {"app": "dbt", "dbt_version": "1.7.19", "profile_name": "ecomm", "target_name": "dev", "node_id": "model.ecomm_analytics.stg_orders"} */
drop table if exists "analytics"."main_staging"."stg_orders__dbt_backup" cascade
[0m04:37:06.539801 [debug] [Thread-1 (]: SQL status: OK in 0.0 seconds
[0m04:37:06.540391 [debug] [Thread-1 (]: Timing info for model.ecomm_analytics.stg_orders (execute): 04:37:06.330683 => 04:37:06.540329
[0m04:37:06.540556 [debug] [Thread-1 (]: On model.ecomm_analytics.stg_orders: Close
[0m04:37:06.591068 [debug] [Thread-1 (]: Sending event: {'category': 'dbt', 'action': 'run_model', 'label': '931a6c26-d22b-416f-8c86-bdd32e1a3d62', 'context': [<snowplow_tracker.self_describing_json.SelfDescribingJson object at 0xffff9b6cb1d0>]}
[0m04:37:06.591371 [info ] [Thread-1 (]: 1 of 1 OK created sql table model main_staging.stg_orders ...................... [[32mOK[0m in 0.26s]
[0m04:37:06.591597 [debug] [Thread-1 (]: Finished running node model.ecomm_analytics.stg_orders
[0m04:37:06.592449 [debug] [MainThread]: Using duckdb connection "master"
[0m04:37:06.592558 [debug] [MainThread]: On master: BEGIN
[0m04:37:06.592647 [debug] [MainThread]: Opening a new connection, currently in state closed
[0m04:37:06.595669 [debug] [MainThread]: SQL status: OK in 0.0 seconds
[0m04:37:06.595813 [debug] [MainThread]: On master: COMMIT
[0m04:37:06.595938 [debug] [MainThread]: Using duckdb connection "master"
[0m04:37:06.596047 [debug] [MainThread]: On master: COMMIT
[0m04:37:06.596185 [debug] [MainThread]: SQL status: OK in 0.0 seconds
[0m04:37:06.596285 [debug] [MainThread]: On master: Close
[0m04:37:06.596851 [debug] [MainThread]: Connection 'master' was properly closed.
[0m04:37:06.596952 [debug] [MainThread]: Connection 'list_analytics_main' was properly closed.
[0m04:37:06.597041 [debug] [MainThread]: Connection 'list_analytics_main_staging' was properly closed.
[0m04:37:06.597153 [debug] [MainThread]: Connection 'model.ecomm_analytics.stg_orders' was properly closed.
[0m04:37:06.597305 [info ] [MainThread]: 
[0m04:37:06.597446 [info ] [MainThread]: Finished running 1 table model in 0 hours 0 minutes and 0.32 seconds (0.32s).
[0m04:37:06.597729 [debug] [MainThread]: Command end result
[0m04:37:06.601187 [info ] [MainThread]: 
[0m04:37:06.601521 [info ] [MainThread]: [32mCompleted successfully[0m
[0m04:37:06.601792 [info ] [MainThread]: 
[0m04:37:06.601969 [info ] [MainThread]: Done. PASS=1 WARN=0 ERROR=0 SKIP=0 TOTAL=1
[0m04:37:06.602369 [debug] [MainThread]: Resource report: {"command_name": "run", "command_success": true, "command_wall_clock_time": 0.6796078, "process_user_time": 1.096663, "process_kernel_time": 0.044863, "process_mem_max_rss": "212824", "process_out_blocks": "53293", "process_in_blocks": "0"}
[0m04:37:06.602568 [debug] [MainThread]: Command `dbt run` succeeded at 04:37:06.602524 after 0.68 seconds
[0m04:37:06.602704 [debug] [MainThread]: Sending event: {'category': 'dbt', 'action': 'invocation', 'label': 'end', 'context': [<snowplow_tracker.self_describing_json.SelfDescribingJson object at 0xffffa82e1710>, <snowplow_tracker.self_describing_json.SelfDescribingJson object at 0xffffa2f23c50>, <snowplow_tracker.self_describing_json.SelfDescribingJson object at 0xffffa2f23690>]}
[0m04:37:06.602835 [debug] [MainThread]: Flushing usage events
[0m04:52:19.100210 [debug] [MainThread]: Sending event: {'category': 'dbt', 'action': 'invocation', 'label': 'start', 'context': [<snowplow_tracker.self_describing_json.SelfDescribingJson object at 0xffff89eb8c90>, <snowplow_tracker.self_describing_json.SelfDescribingJson object at 0xffff89e63b10>, <snowplow_tracker.self_describing_json.SelfDescribingJson object at 0xffff89e6ad90>]}


============================== 04:52:19.106648 | 58f07551-fd76-414f-90af-aa24416e5cc3 ==============================
[0m04:52:19.106648 [info ] [MainThread]: Running with dbt=1.7.19
[0m04:52:19.106898 [debug] [MainThread]: running dbt with arguments {'printer_width': '80', 'indirect_selection': 'eager', 'write_json': 'True', 'log_cache_events': 'False', 'partial_parse': 'True', 'cache_selected_only': 'False', 'warn_error': 'None', 'version_check': 'True', 'profiles_dir': '/app/dbt_project', 'log_path': '/app/dbt_project/logs', 'fail_fast': 'False', 'debug': 'False', 'use_colors': 'True', 'use_experimental_parser': 'False', 'no_print': 'None', 'quiet': 'False', 'warn_error_options': 'WarnErrorOptions(include=[], exclude=[])', 'invocation_command': 'dbt run -s stg_order_item', 'static_parser': 'True', 'introspect': 'True', 'target_path': 'None', 'log_format': 'default', 'send_anonymous_usage_stats': 'True'}
[0m04:52:19.156165 [debug] [MainThread]: Sending event: {'category': 'dbt', 'action': 'project_id', 'label': '58f07551-fd76-414f-90af-aa24416e5cc3', 'context': [<snowplow_tracker.self_describing_json.SelfDescribingJson object at 0xffff89ec1590>]}
[0m04:52:19.171698 [debug] [MainThread]: Sending event: {'category': 'dbt', 'action': 'adapter_info', 'label': '58f07551-fd76-414f-90af-aa24416e5cc3', 'context': [<snowplow_tracker.self_describing_json.SelfDescribingJson object at 0xffff8cb46c50>]}
[0m04:52:19.171954 [info ] [MainThread]: Registered adapter: duckdb=1.7.3
[0m04:52:19.174443 [debug] [MainThread]: checksum: a8d43cdff37d0f32d7fbe4c5c25bea4bb6c86e162f8ce8fdb1a38cdcf7495431, vars: {}, profile: , target: , version: 1.7.19
[0m04:52:19.177733 [info ] [MainThread]: Unable to do partial parsing because of a version mismatch
[0m04:52:19.177970 [debug] [MainThread]: Sending event: {'category': 'dbt', 'action': 'partial_parser', 'label': '58f07551-fd76-414f-90af-aa24416e5cc3', 'context': [<snowplow_tracker.self_describing_json.SelfDescribingJson object at 0xffff89d24650>]}
[0m04:52:19.440822 [debug] [MainThread]: Sending event: {'category': 'dbt', 'action': 'load_project', 'label': '58f07551-fd76-414f-90af-aa24416e5cc3', 'context': [<snowplow_tracker.self_describing_json.SelfDescribingJson object at 0xffff89d06190>]}
[0m04:52:19.446044 [debug] [MainThread]: Sending event: {'category': 'dbt', 'action': 'resource_counts', 'label': '58f07551-fd76-414f-90af-aa24416e5cc3', 'context': [<snowplow_tracker.self_describing_json.SelfDescribingJson object at 0xffff80d330d0>]}
[0m04:52:19.446222 [info ] [MainThread]: Found 2 models, 9 sources, 0 exposures, 0 metrics, 392 macros, 0 groups, 0 semantic models
[0m04:52:19.446404 [debug] [MainThread]: Sending event: {'category': 'dbt', 'action': 'runnable_timing', 'label': '58f07551-fd76-414f-90af-aa24416e5cc3', 'context': [<snowplow_tracker.self_describing_json.SelfDescribingJson object at 0xffff82476d50>]}
[0m04:52:19.447047 [info ] [MainThread]: 
[0m04:52:19.447348 [debug] [MainThread]: Acquiring new duckdb connection 'master'
[0m04:52:19.447810 [debug] [ThreadPool]: Acquiring new duckdb connection 'list_analytics'
[0m04:52:19.451364 [debug] [ThreadPool]: Using duckdb connection "list_analytics"
[0m04:52:19.451570 [debug] [ThreadPool]: On list_analytics: /* {"app": "dbt", "dbt_version": "1.7.19", "profile_name": "ecomm", "target_name": "dev", "connection_name": "list_analytics"} */

    
    select schema_name
    from system.information_schema.schemata
    
    where catalog_name = '"analytics"'
    
  
  
[0m04:52:19.451760 [debug] [ThreadPool]: Opening a new connection, currently in state init
[0m04:52:19.455936 [debug] [ThreadPool]: SQL status: OK in 0.0 seconds
[0m04:52:19.456417 [debug] [ThreadPool]: On list_analytics: Close
[0m04:52:19.457336 [debug] [ThreadPool]: Re-using an available connection from the pool (formerly list_analytics, now create_analytics_main)
[0m04:52:19.457608 [debug] [ThreadPool]: Creating schema "database: "analytics"
schema: "main"
"
[0m04:52:19.459772 [debug] [ThreadPool]: Using duckdb connection "create_analytics_main"
[0m04:52:19.459906 [debug] [ThreadPool]: On create_analytics_main: /* {"app": "dbt", "dbt_version": "1.7.19", "profile_name": "ecomm", "target_name": "dev", "connection_name": "create_analytics_main"} */

    
        select type from duckdb_databases()
        where database_name='analytics'
        and type='sqlite'
    
  
[0m04:52:19.460017 [debug] [ThreadPool]: Opening a new connection, currently in state closed
[0m04:52:19.462701 [debug] [ThreadPool]: SQL status: OK in 0.0 seconds
[0m04:52:19.463128 [debug] [ThreadPool]: Using duckdb connection "create_analytics_main"
[0m04:52:19.463248 [debug] [ThreadPool]: On create_analytics_main: BEGIN
[0m04:52:19.463392 [debug] [ThreadPool]: SQL status: OK in 0.0 seconds
[0m04:52:19.463513 [debug] [ThreadPool]: Using duckdb connection "create_analytics_main"
[0m04:52:19.463651 [debug] [ThreadPool]: On create_analytics_main: /* {"app": "dbt", "dbt_version": "1.7.19", "profile_name": "ecomm", "target_name": "dev", "connection_name": "create_analytics_main"} */

    
    
        create schema if not exists "analytics"."main"
    
[0m04:52:19.463804 [debug] [ThreadPool]: SQL status: OK in 0.0 seconds
[0m04:52:19.464053 [debug] [ThreadPool]: On create_analytics_main: COMMIT
[0m04:52:19.464162 [debug] [ThreadPool]: Using duckdb connection "create_analytics_main"
[0m04:52:19.464266 [debug] [ThreadPool]: On create_analytics_main: COMMIT
[0m04:52:19.464409 [debug] [ThreadPool]: SQL status: OK in 0.0 seconds
[0m04:52:19.464523 [debug] [ThreadPool]: On create_analytics_main: Close
[0m04:52:19.465586 [debug] [ThreadPool]: Acquiring new duckdb connection 'list_analytics_main'
[0m04:52:19.465855 [debug] [ThreadPool]: Re-using an available connection from the pool (formerly create_analytics_main, now list_analytics_main_staging)
[0m04:52:19.467514 [debug] [ThreadPool]: Using duckdb connection "list_analytics_main"
[0m04:52:19.468573 [debug] [ThreadPool]: On list_analytics_main: BEGIN
[0m04:52:19.468402 [debug] [ThreadPool]: Using duckdb connection "list_analytics_main_staging"
[0m04:52:19.468836 [debug] [ThreadPool]: On list_analytics_main_staging: BEGIN
[0m04:52:19.468699 [debug] [ThreadPool]: Opening a new connection, currently in state init
[0m04:52:19.468963 [debug] [ThreadPool]: Opening a new connection, currently in state closed
[0m04:52:19.472013 [debug] [ThreadPool]: SQL status: OK in 0.0 seconds
[0m04:52:19.471807 [debug] [ThreadPool]: SQL status: OK in 0.0 seconds
[0m04:52:19.472245 [debug] [ThreadPool]: Using duckdb connection "list_analytics_main"
[0m04:52:19.472131 [debug] [ThreadPool]: Using duckdb connection "list_analytics_main_staging"
[0m04:52:19.472473 [debug] [ThreadPool]: On list_analytics_main_staging: /* {"app": "dbt", "dbt_version": "1.7.19", "profile_name": "ecomm", "target_name": "dev", "connection_name": "list_analytics_main_staging"} */
select
      'analytics' as database,
      table_name as name,
      table_schema as schema,
      CASE table_type
        WHEN 'BASE TABLE' THEN 'table'
        WHEN 'VIEW' THEN 'view'
        WHEN 'LOCAL TEMPORARY' THEN 'table'
        END as type
    from system.information_schema.tables
    where table_schema = 'main_staging'
    and table_catalog = 'analytics'
  
[0m04:52:19.472356 [debug] [ThreadPool]: On list_analytics_main: /* {"app": "dbt", "dbt_version": "1.7.19", "profile_name": "ecomm", "target_name": "dev", "connection_name": "list_analytics_main"} */
select
      'analytics' as database,
      table_name as name,
      table_schema as schema,
      CASE table_type
        WHEN 'BASE TABLE' THEN 'table'
        WHEN 'VIEW' THEN 'view'
        WHEN 'LOCAL TEMPORARY' THEN 'table'
        END as type
    from system.information_schema.tables
    where table_schema = 'main'
    and table_catalog = 'analytics'
  
[0m04:52:19.478789 [debug] [ThreadPool]: SQL status: OK in 0.0 seconds
[0m04:52:19.480220 [debug] [ThreadPool]: SQL status: OK in 0.0 seconds
[0m04:52:19.480808 [debug] [ThreadPool]: On list_analytics_main_staging: ROLLBACK
[0m04:52:19.482889 [debug] [ThreadPool]: Failed to rollback 'list_analytics_main_staging'
[0m04:52:19.483052 [debug] [ThreadPool]: On list_analytics_main_staging: Close
[0m04:52:19.482629 [debug] [ThreadPool]: On list_analytics_main: ROLLBACK
[0m04:52:19.483728 [debug] [ThreadPool]: Failed to rollback 'list_analytics_main'
[0m04:52:19.483911 [debug] [ThreadPool]: On list_analytics_main: Close
[0m04:52:19.486030 [debug] [MainThread]: Sending event: {'category': 'dbt', 'action': 'runnable_timing', 'label': '58f07551-fd76-414f-90af-aa24416e5cc3', 'context': [<snowplow_tracker.self_describing_json.SelfDescribingJson object at 0xffff82406750>]}
[0m04:52:19.486568 [debug] [MainThread]: Using duckdb connection "master"
[0m04:52:19.486884 [debug] [MainThread]: On master: BEGIN
[0m04:52:19.487325 [debug] [MainThread]: Opening a new connection, currently in state init
[0m04:52:19.492807 [debug] [MainThread]: SQL status: OK in 0.0 seconds
[0m04:52:19.493033 [debug] [MainThread]: On master: COMMIT
[0m04:52:19.493198 [debug] [MainThread]: Using duckdb connection "master"
[0m04:52:19.493360 [debug] [MainThread]: On master: COMMIT
[0m04:52:19.493573 [debug] [MainThread]: SQL status: OK in 0.0 seconds
[0m04:52:19.493738 [debug] [MainThread]: On master: Close
[0m04:52:19.495158 [info ] [MainThread]: Concurrency: 4 threads (target='dev')
[0m04:52:19.495517 [info ] [MainThread]: 
[0m04:52:19.496924 [debug] [Thread-1 (]: Began running node model.ecomm_analytics.stg_order_item
[0m04:52:19.497146 [info ] [Thread-1 (]: 1 of 1 START sql table model main.stg_order_item ............................... [RUN]
[0m04:52:19.497660 [debug] [Thread-1 (]: Acquiring new duckdb connection 'model.ecomm_analytics.stg_order_item'
[0m04:52:19.497801 [debug] [Thread-1 (]: Began compiling node model.ecomm_analytics.stg_order_item
[0m04:52:19.500357 [debug] [Thread-1 (]: Writing injected SQL for node "model.ecomm_analytics.stg_order_item"
[0m04:52:19.505558 [debug] [Thread-1 (]: Timing info for model.ecomm_analytics.stg_order_item (compile): 04:52:19.497899 => 04:52:19.505468
[0m04:52:19.505679 [debug] [Thread-1 (]: Began executing node model.ecomm_analytics.stg_order_item
[0m04:52:19.515195 [debug] [Thread-1 (]: Writing runtime sql for node "model.ecomm_analytics.stg_order_item"
[0m04:52:19.515852 [debug] [Thread-1 (]: Using duckdb connection "model.ecomm_analytics.stg_order_item"
[0m04:52:19.515987 [debug] [Thread-1 (]: On model.ecomm_analytics.stg_order_item: BEGIN
[0m04:52:19.516116 [debug] [Thread-1 (]: Opening a new connection, currently in state init
[0m04:52:19.519090 [debug] [Thread-1 (]: SQL status: OK in 0.0 seconds
[0m04:52:19.519239 [debug] [Thread-1 (]: Using duckdb connection "model.ecomm_analytics.stg_order_item"
[0m04:52:19.519373 [debug] [Thread-1 (]: On model.ecomm_analytics.stg_order_item: /* {"app": "dbt", "dbt_version": "1.7.19", "profile_name": "ecomm", "target_name": "dev", "node_id": "model.ecomm_analytics.stg_order_item"} */

  
    
    

    create  table
      "analytics"."main"."stg_order_item__dbt_tmp"
  
    as (
      

select
    order_id
    , order_item_id
    , product_id
    , seller_id
    , shipping_limit_date
    , 
    -- Assume the input timestamp is America/Sao_Paulo and convert to target timezone
    (shipping_limit_date::TIMESTAMP AT TIME ZONE 'America/Sao_Paulo' AT TIME ZONE 'America/New_York')
 as shipping_limit_date_et
    , price
    , freight_value
    
from "analytics"."raw"."order_items"
    );
  
  
[0m04:52:19.574679 [debug] [Thread-1 (]: SQL status: OK in 0.0 seconds
[0m04:52:19.576969 [debug] [Thread-1 (]: Using duckdb connection "model.ecomm_analytics.stg_order_item"
[0m04:52:19.577151 [debug] [Thread-1 (]: On model.ecomm_analytics.stg_order_item: /* {"app": "dbt", "dbt_version": "1.7.19", "profile_name": "ecomm", "target_name": "dev", "node_id": "model.ecomm_analytics.stg_order_item"} */
alter table "analytics"."main"."stg_order_item__dbt_tmp" rename to "stg_order_item"
[0m04:52:19.577457 [debug] [Thread-1 (]: SQL status: OK in 0.0 seconds
[0m04:52:19.582547 [debug] [Thread-1 (]: On model.ecomm_analytics.stg_order_item: COMMIT
[0m04:52:19.582697 [debug] [Thread-1 (]: Using duckdb connection "model.ecomm_analytics.stg_order_item"
[0m04:52:19.582830 [debug] [Thread-1 (]: On model.ecomm_analytics.stg_order_item: COMMIT
[0m04:52:19.657273 [debug] [Thread-1 (]: SQL status: OK in 0.0 seconds
[0m04:52:19.659104 [debug] [Thread-1 (]: Using duckdb connection "model.ecomm_analytics.stg_order_item"
[0m04:52:19.659259 [debug] [Thread-1 (]: On model.ecomm_analytics.stg_order_item: /* {"app": "dbt", "dbt_version": "1.7.19", "profile_name": "ecomm", "target_name": "dev", "node_id": "model.ecomm_analytics.stg_order_item"} */
drop table if exists "analytics"."main"."stg_order_item__dbt_backup" cascade
[0m04:52:19.659572 [debug] [Thread-1 (]: SQL status: OK in 0.0 seconds
[0m04:52:19.660081 [debug] [Thread-1 (]: Timing info for model.ecomm_analytics.stg_order_item (execute): 04:52:19.505789 => 04:52:19.660022
[0m04:52:19.660222 [debug] [Thread-1 (]: On model.ecomm_analytics.stg_order_item: Close
[0m04:52:19.712062 [debug] [Thread-1 (]: Sending event: {'category': 'dbt', 'action': 'run_model', 'label': '58f07551-fd76-414f-90af-aa24416e5cc3', 'context': [<snowplow_tracker.self_describing_json.SelfDescribingJson object at 0xffff80d19450>]}
[0m04:52:19.712332 [info ] [Thread-1 (]: 1 of 1 OK created sql table model main.stg_order_item .......................... [[32mOK[0m in 0.21s]
[0m04:52:19.712668 [debug] [Thread-1 (]: Finished running node model.ecomm_analytics.stg_order_item
[0m04:52:19.713618 [debug] [MainThread]: Using duckdb connection "master"
[0m04:52:19.713752 [debug] [MainThread]: On master: BEGIN
[0m04:52:19.713859 [debug] [MainThread]: Opening a new connection, currently in state closed
[0m04:52:19.716722 [debug] [MainThread]: SQL status: OK in 0.0 seconds
[0m04:52:19.716864 [debug] [MainThread]: On master: COMMIT
[0m04:52:19.716977 [debug] [MainThread]: Using duckdb connection "master"
[0m04:52:19.717084 [debug] [MainThread]: On master: COMMIT
[0m04:52:19.717220 [debug] [MainThread]: SQL status: OK in 0.0 seconds
[0m04:52:19.717334 [debug] [MainThread]: On master: Close
[0m04:52:19.717963 [debug] [MainThread]: Connection 'master' was properly closed.
[0m04:52:19.718079 [debug] [MainThread]: Connection 'list_analytics_main_staging' was properly closed.
[0m04:52:19.718167 [debug] [MainThread]: Connection 'list_analytics_main' was properly closed.
[0m04:52:19.718245 [debug] [MainThread]: Connection 'model.ecomm_analytics.stg_order_item' was properly closed.
[0m04:52:19.718346 [info ] [MainThread]: 
[0m04:52:19.718481 [info ] [MainThread]: Finished running 1 table model in 0 hours 0 minutes and 0.27 seconds (0.27s).
[0m04:52:19.718813 [debug] [MainThread]: Command end result
[0m04:52:19.722229 [info ] [MainThread]: 
[0m04:52:19.722507 [info ] [MainThread]: [32mCompleted successfully[0m
[0m04:52:19.722839 [info ] [MainThread]: 
[0m04:52:19.723193 [info ] [MainThread]: Done. PASS=1 WARN=0 ERROR=0 SKIP=0 TOTAL=1
[0m04:52:19.723581 [debug] [MainThread]: Resource report: {"command_name": "run", "command_success": true, "command_wall_clock_time": 0.63467485, "process_user_time": 1.023763, "process_kernel_time": 0.079747, "process_mem_max_rss": "210172", "process_out_blocks": "46762", "process_in_blocks": "0"}
[0m04:52:19.723783 [debug] [MainThread]: Command `dbt run` succeeded at 04:52:19.723747 after 0.63 seconds
[0m04:52:19.723943 [debug] [MainThread]: Sending event: {'category': 'dbt', 'action': 'invocation', 'label': 'end', 'context': [<snowplow_tracker.self_describing_json.SelfDescribingJson object at 0xffff8a174090>, <snowplow_tracker.self_describing_json.SelfDescribingJson object at 0xffff8a174650>, <snowplow_tracker.self_describing_json.SelfDescribingJson object at 0xffff89e630d0>]}
[0m04:52:19.724090 [debug] [MainThread]: Flushing usage events
[0m04:54:05.841892 [debug] [MainThread]: Sending event: {'category': 'dbt', 'action': 'invocation', 'label': 'start', 'context': [<snowplow_tracker.self_describing_json.SelfDescribingJson object at 0xffffb8995210>, <snowplow_tracker.self_describing_json.SelfDescribingJson object at 0xffffb7f7edd0>, <snowplow_tracker.self_describing_json.SelfDescribingJson object at 0xffffb7dcdfd0>]}


============================== 04:54:05.842968 | 6f4428a7-de99-495e-8de0-f72a36c810c5 ==============================
[0m04:54:05.842968 [info ] [MainThread]: Running with dbt=1.7.19
[0m04:54:05.843253 [debug] [MainThread]: running dbt with arguments {'printer_width': '80', 'indirect_selection': 'eager', 'log_cache_events': 'False', 'write_json': 'True', 'partial_parse': 'True', 'cache_selected_only': 'False', 'warn_error': 'None', 'debug': 'False', 'profiles_dir': '/app/dbt_project', 'log_path': '/app/dbt_project/logs', 'version_check': 'True', 'fail_fast': 'False', 'use_colors': 'True', 'use_experimental_parser': 'False', 'no_print': 'None', 'quiet': 'False', 'warn_error_options': 'WarnErrorOptions(include=[], exclude=[])', 'invocation_command': 'dbt run -s stg_order_item', 'static_parser': 'True', 'introspect': 'True', 'target_path': 'None', 'log_format': 'default', 'send_anonymous_usage_stats': 'True'}
[0m04:54:05.891812 [debug] [MainThread]: Sending event: {'category': 'dbt', 'action': 'project_id', 'label': '6f4428a7-de99-495e-8de0-f72a36c810c5', 'context': [<snowplow_tracker.self_describing_json.SelfDescribingJson object at 0xffffb7c25c50>]}
[0m04:54:05.907079 [debug] [MainThread]: Sending event: {'category': 'dbt', 'action': 'adapter_info', 'label': '6f4428a7-de99-495e-8de0-f72a36c810c5', 'context': [<snowplow_tracker.self_describing_json.SelfDescribingJson object at 0xffffb90dc2d0>]}
[0m04:54:05.907341 [info ] [MainThread]: Registered adapter: duckdb=1.7.3
[0m04:54:05.909737 [debug] [MainThread]: checksum: a8d43cdff37d0f32d7fbe4c5c25bea4bb6c86e162f8ce8fdb1a38cdcf7495431, vars: {}, profile: , target: , version: 1.7.19
[0m04:54:05.912768 [info ] [MainThread]: Unable to do partial parsing because of a version mismatch
[0m04:54:05.912973 [debug] [MainThread]: Sending event: {'category': 'dbt', 'action': 'partial_parser', 'label': '6f4428a7-de99-495e-8de0-f72a36c810c5', 'context': [<snowplow_tracker.self_describing_json.SelfDescribingJson object at 0xffffb7dcdd50>]}
[0m04:54:06.178334 [debug] [MainThread]: Sending event: {'category': 'dbt', 'action': 'load_project', 'label': '6f4428a7-de99-495e-8de0-f72a36c810c5', 'context': [<snowplow_tracker.self_describing_json.SelfDescribingJson object at 0xffffb7c161d0>]}
[0m04:54:06.181810 [debug] [MainThread]: Sending event: {'category': 'dbt', 'action': 'resource_counts', 'label': '6f4428a7-de99-495e-8de0-f72a36c810c5', 'context': [<snowplow_tracker.self_describing_json.SelfDescribingJson object at 0xffffb036b3d0>]}
[0m04:54:06.181982 [info ] [MainThread]: Found 2 models, 9 sources, 0 exposures, 0 metrics, 392 macros, 0 groups, 0 semantic models
[0m04:54:06.182160 [debug] [MainThread]: Sending event: {'category': 'dbt', 'action': 'runnable_timing', 'label': '6f4428a7-de99-495e-8de0-f72a36c810c5', 'context': [<snowplow_tracker.self_describing_json.SelfDescribingJson object at 0xffffb046a990>]}
[0m04:54:06.182739 [info ] [MainThread]: 
[0m04:54:06.183078 [debug] [MainThread]: Acquiring new duckdb connection 'master'
[0m04:54:06.183503 [debug] [ThreadPool]: Acquiring new duckdb connection 'list_analytics'
[0m04:54:06.186930 [debug] [ThreadPool]: Using duckdb connection "list_analytics"
[0m04:54:06.187066 [debug] [ThreadPool]: On list_analytics: /* {"app": "dbt", "dbt_version": "1.7.19", "profile_name": "ecomm", "target_name": "dev", "connection_name": "list_analytics"} */

    
    select schema_name
    from system.information_schema.schemata
    
    where catalog_name = '"analytics"'
    
  
  
[0m04:54:06.187182 [debug] [ThreadPool]: Opening a new connection, currently in state init
[0m04:54:06.191209 [debug] [ThreadPool]: SQL status: OK in 0.0 seconds
[0m04:54:06.191661 [debug] [ThreadPool]: On list_analytics: Close
[0m04:54:06.192600 [debug] [ThreadPool]: Re-using an available connection from the pool (formerly list_analytics, now create_analytics_main_staging)
[0m04:54:06.192887 [debug] [ThreadPool]: Creating schema "database: "analytics"
schema: "main_staging"
"
[0m04:54:06.195034 [debug] [ThreadPool]: Using duckdb connection "create_analytics_main_staging"
[0m04:54:06.195164 [debug] [ThreadPool]: On create_analytics_main_staging: /* {"app": "dbt", "dbt_version": "1.7.19", "profile_name": "ecomm", "target_name": "dev", "connection_name": "create_analytics_main_staging"} */

    
        select type from duckdb_databases()
        where database_name='analytics'
        and type='sqlite'
    
  
[0m04:54:06.195263 [debug] [ThreadPool]: Opening a new connection, currently in state closed
[0m04:54:06.197869 [debug] [ThreadPool]: SQL status: OK in 0.0 seconds
[0m04:54:06.198301 [debug] [ThreadPool]: Using duckdb connection "create_analytics_main_staging"
[0m04:54:06.198434 [debug] [ThreadPool]: On create_analytics_main_staging: BEGIN
[0m04:54:06.198580 [debug] [ThreadPool]: SQL status: OK in 0.0 seconds
[0m04:54:06.198698 [debug] [ThreadPool]: Using duckdb connection "create_analytics_main_staging"
[0m04:54:06.198805 [debug] [ThreadPool]: On create_analytics_main_staging: /* {"app": "dbt", "dbt_version": "1.7.19", "profile_name": "ecomm", "target_name": "dev", "connection_name": "create_analytics_main_staging"} */

    
    
        create schema if not exists "analytics"."main_staging"
    
[0m04:54:06.198984 [debug] [ThreadPool]: SQL status: OK in 0.0 seconds
[0m04:54:06.199279 [debug] [ThreadPool]: On create_analytics_main_staging: COMMIT
[0m04:54:06.199392 [debug] [ThreadPool]: Using duckdb connection "create_analytics_main_staging"
[0m04:54:06.199486 [debug] [ThreadPool]: On create_analytics_main_staging: COMMIT
[0m04:54:06.199615 [debug] [ThreadPool]: SQL status: OK in 0.0 seconds
[0m04:54:06.199729 [debug] [ThreadPool]: On create_analytics_main_staging: Close
[0m04:54:06.209744 [debug] [ThreadPool]: Acquiring new duckdb connection 'list_analytics_main_staging'
[0m04:54:06.216618 [debug] [ThreadPool]: Using duckdb connection "list_analytics_main_staging"
[0m04:54:06.216899 [debug] [ThreadPool]: On list_analytics_main_staging: BEGIN
[0m04:54:06.217021 [debug] [ThreadPool]: Opening a new connection, currently in state init
[0m04:54:06.223090 [debug] [ThreadPool]: SQL status: OK in 0.0 seconds
[0m04:54:06.223279 [debug] [ThreadPool]: Using duckdb connection "list_analytics_main_staging"
[0m04:54:06.223404 [debug] [ThreadPool]: On list_analytics_main_staging: /* {"app": "dbt", "dbt_version": "1.7.19", "profile_name": "ecomm", "target_name": "dev", "connection_name": "list_analytics_main_staging"} */
select
      'analytics' as database,
      table_name as name,
      table_schema as schema,
      CASE table_type
        WHEN 'BASE TABLE' THEN 'table'
        WHEN 'VIEW' THEN 'view'
        WHEN 'LOCAL TEMPORARY' THEN 'table'
        END as type
    from system.information_schema.tables
    where table_schema = 'main_staging'
    and table_catalog = 'analytics'
  
[0m04:54:06.229307 [debug] [ThreadPool]: SQL status: OK in 0.0 seconds
[0m04:54:06.230978 [debug] [ThreadPool]: On list_analytics_main_staging: ROLLBACK
[0m04:54:06.231264 [debug] [ThreadPool]: Failed to rollback 'list_analytics_main_staging'
[0m04:54:06.231407 [debug] [ThreadPool]: On list_analytics_main_staging: Close
[0m04:54:06.232362 [debug] [MainThread]: Sending event: {'category': 'dbt', 'action': 'runnable_timing', 'label': '6f4428a7-de99-495e-8de0-f72a36c810c5', 'context': [<snowplow_tracker.self_describing_json.SelfDescribingJson object at 0xffffb7c74f50>]}
[0m04:54:06.232534 [debug] [MainThread]: Using duckdb connection "master"
[0m04:54:06.232651 [debug] [MainThread]: On master: BEGIN
[0m04:54:06.232759 [debug] [MainThread]: Opening a new connection, currently in state init
[0m04:54:06.235422 [debug] [MainThread]: SQL status: OK in 0.0 seconds
[0m04:54:06.235572 [debug] [MainThread]: On master: COMMIT
[0m04:54:06.235810 [debug] [MainThread]: Using duckdb connection "master"
[0m04:54:06.236010 [debug] [MainThread]: On master: COMMIT
[0m04:54:06.236180 [debug] [MainThread]: SQL status: OK in 0.0 seconds
[0m04:54:06.236304 [debug] [MainThread]: On master: Close
[0m04:54:06.236985 [info ] [MainThread]: Concurrency: 4 threads (target='dev')
[0m04:54:06.237157 [info ] [MainThread]: 
[0m04:54:06.238744 [debug] [Thread-1 (]: Began running node model.ecomm_analytics.stg_order_item
[0m04:54:06.239076 [info ] [Thread-1 (]: 1 of 1 START sql table model main_staging.stg_order_item ....................... [RUN]
[0m04:54:06.239417 [debug] [Thread-1 (]: Acquiring new duckdb connection 'model.ecomm_analytics.stg_order_item'
[0m04:54:06.239584 [debug] [Thread-1 (]: Began compiling node model.ecomm_analytics.stg_order_item
[0m04:54:06.244484 [debug] [Thread-1 (]: Writing injected SQL for node "model.ecomm_analytics.stg_order_item"
[0m04:54:06.245159 [debug] [Thread-1 (]: Timing info for model.ecomm_analytics.stg_order_item (compile): 04:54:06.239730 => 04:54:06.245079
[0m04:54:06.245311 [debug] [Thread-1 (]: Began executing node model.ecomm_analytics.stg_order_item
[0m04:54:06.256120 [debug] [Thread-1 (]: Writing runtime sql for node "model.ecomm_analytics.stg_order_item"
[0m04:54:06.256983 [debug] [Thread-1 (]: Using duckdb connection "model.ecomm_analytics.stg_order_item"
[0m04:54:06.257173 [debug] [Thread-1 (]: On model.ecomm_analytics.stg_order_item: BEGIN
[0m04:54:06.257334 [debug] [Thread-1 (]: Opening a new connection, currently in state init
[0m04:54:06.260570 [debug] [Thread-1 (]: SQL status: OK in 0.0 seconds
[0m04:54:06.260756 [debug] [Thread-1 (]: Using duckdb connection "model.ecomm_analytics.stg_order_item"
[0m04:54:06.260915 [debug] [Thread-1 (]: On model.ecomm_analytics.stg_order_item: /* {"app": "dbt", "dbt_version": "1.7.19", "profile_name": "ecomm", "target_name": "dev", "node_id": "model.ecomm_analytics.stg_order_item"} */

  
    
    

    create  table
      "analytics"."main_staging"."stg_order_item__dbt_tmp"
  
    as (
      

select
    order_id
    , order_item_id
    , product_id
    , seller_id
    , shipping_limit_date
    , 
    -- Assume the input timestamp is America/Sao_Paulo and convert to target timezone
    (shipping_limit_date::TIMESTAMP AT TIME ZONE 'America/Sao_Paulo' AT TIME ZONE 'America/New_York')
 as shipping_limit_date_et
    , price
    , freight_value
    
from "analytics"."raw"."order_items"
    );
  
  
[0m04:54:06.317865 [debug] [Thread-1 (]: SQL status: OK in 0.0 seconds
[0m04:54:06.320335 [debug] [Thread-1 (]: Using duckdb connection "model.ecomm_analytics.stg_order_item"
[0m04:54:06.320586 [debug] [Thread-1 (]: On model.ecomm_analytics.stg_order_item: /* {"app": "dbt", "dbt_version": "1.7.19", "profile_name": "ecomm", "target_name": "dev", "node_id": "model.ecomm_analytics.stg_order_item"} */
alter table "analytics"."main_staging"."stg_order_item__dbt_tmp" rename to "stg_order_item"
[0m04:54:06.321163 [debug] [Thread-1 (]: SQL status: OK in 0.0 seconds
[0m04:54:06.326944 [debug] [Thread-1 (]: On model.ecomm_analytics.stg_order_item: COMMIT
[0m04:54:06.327159 [debug] [Thread-1 (]: Using duckdb connection "model.ecomm_analytics.stg_order_item"
[0m04:54:06.327299 [debug] [Thread-1 (]: On model.ecomm_analytics.stg_order_item: COMMIT
[0m04:54:06.402094 [debug] [Thread-1 (]: SQL status: OK in 0.0 seconds
[0m04:54:06.403917 [debug] [Thread-1 (]: Using duckdb connection "model.ecomm_analytics.stg_order_item"
[0m04:54:06.404099 [debug] [Thread-1 (]: On model.ecomm_analytics.stg_order_item: /* {"app": "dbt", "dbt_version": "1.7.19", "profile_name": "ecomm", "target_name": "dev", "node_id": "model.ecomm_analytics.stg_order_item"} */
drop table if exists "analytics"."main_staging"."stg_order_item__dbt_backup" cascade
[0m04:54:06.404412 [debug] [Thread-1 (]: SQL status: OK in 0.0 seconds
[0m04:54:06.404945 [debug] [Thread-1 (]: Timing info for model.ecomm_analytics.stg_order_item (execute): 04:54:06.245403 => 04:54:06.404887
[0m04:54:06.405087 [debug] [Thread-1 (]: On model.ecomm_analytics.stg_order_item: Close
[0m04:54:06.463167 [debug] [Thread-1 (]: Sending event: {'category': 'dbt', 'action': 'run_model', 'label': '6f4428a7-de99-495e-8de0-f72a36c810c5', 'context': [<snowplow_tracker.self_describing_json.SelfDescribingJson object at 0xffffaee24250>]}
[0m04:54:06.463451 [info ] [Thread-1 (]: 1 of 1 OK created sql table model main_staging.stg_order_item .................. [[32mOK[0m in 0.22s]
[0m04:54:06.463727 [debug] [Thread-1 (]: Finished running node model.ecomm_analytics.stg_order_item
[0m04:54:06.464728 [debug] [MainThread]: Using duckdb connection "master"
[0m04:54:06.464876 [debug] [MainThread]: On master: BEGIN
[0m04:54:06.464985 [debug] [MainThread]: Opening a new connection, currently in state closed
[0m04:54:06.467841 [debug] [MainThread]: SQL status: OK in 0.0 seconds
[0m04:54:06.467962 [debug] [MainThread]: On master: COMMIT
[0m04:54:06.468058 [debug] [MainThread]: Using duckdb connection "master"
[0m04:54:06.468145 [debug] [MainThread]: On master: COMMIT
[0m04:54:06.468258 [debug] [MainThread]: SQL status: OK in 0.0 seconds
[0m04:54:06.468358 [debug] [MainThread]: On master: Close
[0m04:54:06.468912 [debug] [MainThread]: Connection 'master' was properly closed.
[0m04:54:06.469050 [debug] [MainThread]: Connection 'create_analytics_main_staging' was properly closed.
[0m04:54:06.469171 [debug] [MainThread]: Connection 'list_analytics_main_staging' was properly closed.
[0m04:54:06.469262 [debug] [MainThread]: Connection 'model.ecomm_analytics.stg_order_item' was properly closed.
[0m04:54:06.469369 [info ] [MainThread]: 
[0m04:54:06.469514 [info ] [MainThread]: Finished running 1 table model in 0 hours 0 minutes and 0.29 seconds (0.29s).
[0m04:54:06.469862 [debug] [MainThread]: Command end result
[0m04:54:06.472655 [info ] [MainThread]: 
[0m04:54:06.472929 [info ] [MainThread]: [32mCompleted successfully[0m
[0m04:54:06.473191 [info ] [MainThread]: 
[0m04:54:06.473417 [info ] [MainThread]: Done. PASS=1 WARN=0 ERROR=0 SKIP=0 TOTAL=1
[0m04:54:06.473783 [debug] [MainThread]: Resource report: {"command_name": "run", "command_success": true, "command_wall_clock_time": 0.643151, "process_user_time": 1.08649, "process_kernel_time": 0.064942, "process_mem_max_rss": "211692", "process_out_blocks": "46761", "process_in_blocks": "0"}
[0m04:54:06.473972 [debug] [MainThread]: Command `dbt run` succeeded at 04:54:06.473934 after 0.64 seconds
[0m04:54:06.474110 [debug] [MainThread]: Sending event: {'category': 'dbt', 'action': 'invocation', 'label': 'end', 'context': [<snowplow_tracker.self_describing_json.SelfDescribingJson object at 0xffffb7d98610>, <snowplow_tracker.self_describing_json.SelfDescribingJson object at 0xffffb7dcefd0>, <snowplow_tracker.self_describing_json.SelfDescribingJson object at 0xffffbcf22450>]}
[0m04:54:06.474242 [debug] [MainThread]: Flushing usage events
